id,name
1,Default Group
2,8K| SPORT ON AIR ⁸ᴷ
3,4K| ᵁᴴᴰ ³⁸⁴⁰ᴾ
4,4K| RELAX ᵁᴴᴰ ³⁸⁴⁰ᴾ ☼
5,US| SLING ᴿᴬᵂ ⁶⁰ᶠᵖˢ
6,US| SLING ᴹᴱᴺᴬ ᴿᴬᵂ ⁶⁰ᶠᵖˢ
7,US| SLING ASIA ᴿᴬᵂ ⁶⁰ᶠᵖˢ
8,US| PRIME ᴿᴬᵂ ⁶⁰ᶠᵖˢ
9,US| TUBI ᴿᴬᵂ ⁶⁰ᶠᵖˢ
10,US| NETFLIX ON AIR ᴿᴬᵂ ⁶⁰ᶠᵖˢ
11,US| PEACOCK ᴿᴬᵂ ⁶⁰ᶠᵖˢ
12,US| DIREC TV ᶜᶦᵗʸ ᴿᴬᵂ ⁶⁰ᶠᵖˢ
13,US| DIREC TV ᴿᴬᵂ ⁶⁰ᶠᵖˢ
14,US| ENTERTAINMENT ᴴᴰ/ᴿᴬᵂ ⁶⁰ᶠᵖˢ
15,US| SPECTRUM NETWORK ᴴᴰ/ᴿᴬᵂ ⁶⁰ᶠᵖˢ
16,US| TELEMUNDO NETWORK ᴴᴰ/ᴿᴬᵂ ⁶⁰ᶠᵖˢ
17,US| NEWS ᴴᴰ/ᴿᴬᵂ ⁶⁰ᶠᵖˢ
18,US| MOVIES ᴴᴰ/ᴿᴬᵂ ⁶⁰ᶠᵖˢ
19,US| 24/7 ONEPLAY ᴿᴬᵂ
20,US| PARAMOUNT+ ORIGINAL ᴿᴬᵂ ⁶⁰ᶠᵖˢ
21,US| ️HULU NETWORK ᴿᴬᵂ ⁶⁰ᶠᵖˢ
22,US| DISNEY+ NETWORK ᴿᴬᵂ ⁶⁰ᶠᵖˢ
23,US| PEACOCK NETWORK ᴿᴬᵂ ⁶⁰ᶠᵖˢ
24,US| HBO MAX NETWORK ᴿᴬᵂ ⁶⁰ᶠᵖˢ
25,US| CINEMANIA HOLLYWOOD ᴿᴬᵂ ⁶⁰ᶠᵖˢ
26,US| CINEMA TV SHOWS ᴴᴰ/ᴿᴬᵂ ⁶⁰ᶠᵖˢ
27,US| ROKU ᴿᴬᵂ ⁶⁰ᶠᵖˢ
28,US| 24/7 PPV ᴿᴬᵂ ⁶⁰ᶠᵖˢ
29,US| 24/7 MOVIES/ACTORS ᴿᴬᵂ ⁶⁰ᶠᵖˢ
30,US| 24/7 ACTION/ADVENTURE ᴿᴬᵂ ⁶⁰ᶠᵖˢ
31,US| 24/7 CLASSIC SHOWS ᴿᴬᵂ ⁶⁰ᶠᵖˢ
32,US| 24/7 REALITY ᴿᴬᵂ ⁶⁰ᶠᵖˢ
33,US| 24/7 COMEDY ᴿᴬᵂ ⁶⁰ᶠᵖˢ
34,US| 24/7 CRIME ᴿᴬᵂ ⁶⁰ᶠᵖˢ
35,US| 24/7 CARTOON ᴿᴬᵂ ⁶⁰ᶠᵖˢ
36,US| 24/7 KIDS/FAMILY ᴿᴬᵂ ⁶⁰ᶠᵖˢ
37,US| KIDS ᴴᴰ/ᴿᴬᵂ ⁶⁰ᶠᵖˢ
38,US| FOX ᴴᴰ/ᴿᴬᵂ ⁶⁰ᶠᵖˢ
39,US| MIAMI ᴴᴰ/ᴿᴬᵂ ⁶⁰ᶠᵖˢ
40,US| CW ᴴᴰ/ᴿᴬᵂ ⁶⁰ᶠᵖˢ
41,US| CBS ᴴᴰ/ᴿᴬᵂ ⁶⁰ᶠᵖˢ
42,US| NBC ᴴᴰ/ᴿᴬᵂ ⁶⁰ᶠᵖˢ
43,US| ABC ᴴᴰ/ᴿᴬᵂ ⁶⁰ᶠᵖˢ
44,US| SPORT ᴴᴰ/ᴿᴬᵂ ⁶⁰ᶠᵖˢ
45,US| MAX ESPN ᴴᴰ/ᴿᴬᵂ ⁶⁰ᶠᵖˢ
46,US| THE MASTERS PPV
48,US| PPV EVENT
49,US| UFC PPV
50,US| BALLY SPORTS PPV
51,US| FIFA+ PPV
54,US| DAZN PPV
55,US| UEFA PPV
56,US| MLS PPV VIP
57,US| MLS PPV
58,US| DAZN NFL PPV
59,US| NFL PPV
60,US| NFL REPLAY
61,US| NFHS PPV
62,US| VIAPLAY NHL PPV
63,US| NHL PPV
64,US| NHL REAL PPV
65,US| NHL TEAM PPV
66,US| NHL REPLAY
67,US| MILB PPV
68,US| MLB PPV
69,US| MLB REAL PPV
70,US| MLB TEAM PPV
71,US| WNBA PPV
72,US| WNBA REAL PPV
73,US| NBA PASS PPV ⁸ᴷ
74,US| NBA PPV
75,US| NBA REAL PPV
76,US| NBA TEAM PPV
77,US| PEACOCK PPV
78,US| B/R MAX SPORTS PPV
79,US| NCAAF PPV
80,US| NCAAB PPV
81,US| RUGBY PPV
82,US| MAX PPV ⱽᴵᴾ
83,US| MAX PPV
84,US| STAN PPV
85,US| ESPN+ PPV ⱽᴵᴾ
86,US| ESPN+ PPV
87,US| ESPN PLAY PPV
88,US| MATCHROOM PPV
89,US| FLO ⱽᴵᴾ PPV
90,US| FLO COLLEGE PPV
91,US| FLO RACING PPV
92,US| FLO SPORTS PPV
93,US| SUPERCROSS PPV
94,US| DIRTVISION PPV
95,US| TENNIS PPV
96,US| PARAMOUNT+ PPV
97,US| GOLF PPV
98,US| B1G+ PPV
99,CA| PRIME ᴿᴬᵂ ⁶⁰ᶠᵖˢ
100,CA| CANADA ᴴᴰ/ᴿᴬᵂ ⁶⁰ᶠᵖˢ
101,CA| GENERAL FR
102,CA| CINEMA FR
103,CA| KIDS FR
104,CA| SPORTS FR
105,CA| MUSIC FR
106,CA| DOCUMENTARY FR
107,CA| NEWS EN
108,CA| GENERAL EN
109,CA| CINEMA EN
110,CA| SPORTS EN
111,CA| KIDS EN
112,CA| DOCUMENTARY EN
113,CA| ROGERS SUPER SPORTS PACK EN
114,CA| FUBO PPV ᴿᴬᵂ
117,CA| TSN+ PPV
118,CA| DAZN PPV ⱽᴵᴾ
119,CA| DAZN PPV
120,CA| VICTORY+ PPV
121,CA| CBC PPV
122,CA| TSN SPORT ᴴᴰ/ᴿᴬᵂ ⁶⁰ᶠᵖˢ
123,CA| SPORTSNET PPV
124,CA| SPORTSNET+ PPV
125,CA| WHL PPV
126,CA| CFL PPV
127,CA| CANADA WEST PPV
128,SU| SURINAME 4K
129,FR| PRIME ᴿᴬᵂ ⁶⁰ᶠᵖˢ
130,FR| FRANCE ⱽᴵᴾ ᴿᴬᵂ
131,FR| FRANCE SPORT ⱽᴵᴾ ᴿᴬᵂ
132,FR| FRANCE HEVC VIP
133,FR| GÉNÉRAL HD/4K
134,FR| CINÉMA HD/4K
135,FR| PPV CINÉMA HD/4K
136,FR| LUXPLAY ᴿᴬᵂ
137,FR| NETFLIX 4K
138,FR| PREMIUM PLAY
139,FR| ENFANTS HD/4K
140,FR| LIGUE1+ ᴮᴱ
141,FR| LIGUE1+ ⱽᴵᴾ ᴿᴬᵂ
142,FR| LIGUE1+ ◉
143,FR| DAZN PPV
146,FR| MAX PPV
147,FR| FFF TV PPV ᴮᴱ
148,FR| L'EQUIPE LIVE
149,FR| SPORT HD/4K
150,FR| EURO SPORT ᴿᴬᵂ
151,FR| CANAL+ LIVE ᴴᴰ
152,FR| CANAL+ LIVE ᴿᴬᵂ
153,FR| MUSIQUE HD/4K
154,FR| DOCUMENTAIRE HD/4K
155,FR| CANAL+ AFRICA
156,FR| CARIBBEAN HD/4K
157,ES| PRIME ᴿᴬᵂ ⁶⁰ᶠᵖˢ
158,ES| ATRES PLAYER ᴿᴬᵂ
159,ES| ORANGE ᴿᴬᵂ
160,ES| ORANGE SPORTS ᴿᴬᵂ
161,ES| VODAFONE ᴿᴬᵂ
162,ES| VODAFONE SPORTS ᴿᴬᵂ
163,ES| MOVISTAR ᴿᴬᵂ
164,ES| MOVISTAR SPORT ᴿᴬᵂ
165,ES| TIVIFY ᴴᴰ
166,ES| TIVIFY ᴳᴼᴸᴰ
167,ES| TDT ESPAÑA VIP
168,ES| TDT PREMIUM VIP
169,ES| M+ CINE VIP
170,ES| MOVISTAR PLUS+ VIP
171,ES| TDT SERIES VIP
172,ES| 24/7 ESPAÑA ⱽᴵᴾ
173,ES| NETFLIX ORIGINALS ᴿᴬᵂ
174,ES| MOVISTAR+ ESTRENOS ᴿᴬᵂ
175,ES| MOVISTAR+ SERIES ᴿᴬᵂ
176,ES| INFANTIL VIP
177,ES| COPA DEL REY VIP
178,ES| M+ LALIGA VIP
179,ES| VIX PPV
180,ES| M+ LIGA DE CAMPEONES VIP
181,ES| M+ LIGA DE CAMPEONES ⁽ᴮᴷ⁾
182,ES| LALIGA REPLAY VIP
184,ES| DAZN EXCLUSIVE ᴴᴰ/ᴿᴬᵂ
185,ES| DAZN LALIGA VIP
186,ES| DAZN ESPAÑA VIP
187,ES| DAZN PPV VIP
188,ES| DAZN ACB PPV
189,ES| MAX PPV
192,ES| LALIGA+ PPV VIP
193,ES| LALIGA+ PPV
194,ES| TV FOOTBALL PPV
195,ES| RFEF PPV
196,ES| MOVISTAR DEPORTES VIP
197,ES| OTROS DEPORTES VIP
198,ES| DOCUMENTALES VIP
199,ES| TOROS VIP
200,ES| M+ VAMOS VIP
201,ES| MUSICA VIP
202,PT| VODAFONE ᴴᴰ
203,PT| GENERALISTAS
204,PT| FILMES
205,PT| MUSICA
206,PT| CRIANCAS
207,PT| DAZN EXCLUSIVE ᴴᴰ/ᴿᴬᵂ
208,PT| DESPORTO
209,PT| DAZN PPV
210,PT| NOTICIAS
211,BR| PRIME ᴿᴬᵂ ⁶⁰ᶠᵖˢ
212,BR| BRAZIL ᴴᴰ/ᴿᴬᵂ
213,BR| GLOBO PLAY
214,BR| PLAY+ ᴿᴬᵂ
217,BR| MAX PPV
218,BR| ESPN SPORT ᴴᴰ
219,BR| DISNEY+ PPV
220,BR| DAZN PPV
221,BR| UFC PPV
222,BR| NBA PASS PPV
223,BR| PARAMOUNT+ PPV
224,BR| FANATIZ PPV
225,LA| GENERAL
227,LA| COLOMBIA
228,LA| ARGENTINA
229,LA| COSTA RICA
230,LA| ECUADOR
231,LA| GUATEMALA
232,LA| HONDURAS
233,LA| NICARAGUA
234,LA| PERU
235,LA| CHILE
236,LA| PANAMA
237,LA| R.DOMINICANA
238,LA| URUGUAY
239,LA| VENEZULA
240,LA| EL SALVADOR
241,BO| BOLIVIA
242,LA| PUERTO RICO
243,CR| CARIBBEAN
244,CR| ESPN PLAY PPV
245,SG| SINGAPORE VIP
246,WT| WORLD CRICKET
247,ASIA| YUPP TV EXCLUSIVE ᴴᴰ
248,ASIA| UK
249,ASIA| UK HEVC
250,ASIA| GUJARATI/ASSAM
251,ASIA| BHOJPURI/ODISHA
252,ASIA| SINHALA
253,ASIA| MALAYALAM
254,ASIA| MARATHI
255,ASIA| KANNADA
256,ASIA| ENGLISH
257,ASIA| SPORTS
258,ASIA| BENGALI
259,ASIA| TELUGU
260,ASIA| PUNJABI
261,ASIA| TAMIL
262,ASIA| HINDI
263,ASIA| NEPAL
264,ASIA| BANGLADESH
265,ASIA| 24/7 INDIA
266,ASIA| 24/7 SINGER
267,ASIA| 24/7 INDIAN ACTORS
268,ASIA| 24/7 INDIAN SERIES
269,ASIA| 24/7 BOLLYWOOD
270,ASIA| 24/7 KANNADA
271,ASIA| 24/7 TAMIL
272,ASIA| 24/7 TELEGU
273,ASIA| 24/7 BANGAL/BANGAL
274,ASIA| 24/7 PUNJABI
275,ASIA| 24/7 MALAYALAM
276,ASIA| PAKISTAN
277,ASIA| 24/7 PAKISTAN
278,AU| PRIME ᴿᴬᵂ ⁶⁰ᶠᵖˢ
279,AU| AUSTRALIA VIP
280,AU| 9NOW ᴿᴬᵂ
281,AU| ESPN PLAY PPV
282,AU| OPTUS PPV
283,AU| NRL TV PPV
284,AU| STAN PPV
285,AU| AFL PPV
288,NZ| NEW ZEALAND HD/4K
289,HR| HORSE RACING HD/4K
290,TS| TENNIS TV PPV
291,TS| TENNIS LIVE
292,UK| PRIME ᴿᴬᵂ ⁶⁰ᶠᵖˢ
293,UK| GENERAL ᴴᴰ/ᴿᴬᵂ
294,UK| GENERAL ʰᵉᵛᶜ
295,UK| BBC IPLAYER ᴿᴬᵂ
296,UK| ITV X VIP
297,UK| NEWS ᴴᴰ/ᴿᴬᵂ
298,UK| NEWS ʰᵉᵛᶜ
299,UK| SKY CINEMA ᴴᴰ/ᴿᴬᵂ
300,UK| SKY CINEMA ʰᵉᵛᶜ
301,UK| CINE PRO 4K
302,UK| 24/7 ᴴᴰ/ᴿᴬᵂ
303,UK| SKY STORE ᴿᴬᵂ
304,UK| SKY MIX SERIES ᴿᴬᵂ
305,UK| SKY MIX DOCS ᴿᴬᵂ
306,UK| BBC IPLAYER SERIES ᴿᴬᵂ
307,UK| APPLE TV+ SERIES ᴿᴬᵂ
308,UK| PRIME VIDEO SERIES ᴿᴬᵂ
309,UK| NETFLIX ORIGINAL ᴿᴬᵂ
310,UK| REALITY SHOW TV ᴿᴬᵂ
311,UK| SOCCER REPLAY ᴿᴬᵂ
312,UK| MUSIC ᴴᴰ/ᴿᴬᵂ
313,UK| MC VIDEO ᴴᴰ
314,UK| DISCOVERY+ ᴴᴰ/ᴿᴬᵂ
315,UK| DOCUMENTARY ᴴᴰ/ᴿᴬᵂ
316,UK| DOCUMENTARY ʰᵉᵛᶜ
317,UK| KIDS ᴴᴰ/ᴿᴬᵂ
318,UK| KIDS ʰᵉᵛᶜ
319,UK| NOW TV ENTERTAINMENT ᴴᴰ/ᴿᴬᵂ
320,UK| NOW TV SPORT ᴴᴰ/ᴿᴬᵂ
321,UK| NOW TV SPORT ᵁᴴᴰ ³⁸⁴⁰ᴾ
322,UK| SKY SPORT+ PPV ᴿᴬᵂ
323,UK| TNT SPORT EVENT
324,UK| TNT SPORT ᴴᴰ ⱽᴵᴾ
325,UK| TNT SPORT SD ⱽᴵᴾ
326,UK| TNT SPORT ᴿᴬᵂ ⱽᴵᴾ ᴰᴼᴸᴮʸ ᴬᵁᴰᴵᴼ
327,UK| TNT SPORT ᵃᵐᶻ ᴴᴰ
328,UK| TNT SPORT ᵃᵐᶻ SD
329,UK| TNT SPORT ᵃᵐᶻ ᴿᴬᵂ
330,UK| SPORT ᴴᴰ ⱽᴵᴾ
331,UK| SPORT SD ⱽᴵᴾ
332,UK| SPORT ᴿᴬᵂ ⱽᴵᴾ ᴰᴼᴸᴮʸ ᴬᵁᴰᴵᴼ
333,UK| SPORT ᴴᴰ
334,UK| SPORT SD
335,UK| SPORT ᴿᴬᵂ
336,UK| SPORT ʰᵉᵛᶜ
337,UK| LIVE FOOTBALL PPV
338,UK| NATIONAL LEAGUE PPV
339,UK| CHAMPIONSHIP PPV
340,UK| LEAGUE ONE PPV
341,UK| LEAGUE TWO PPV
342,UK| DAZN PPV VIP
343,UK| DAZN PPV
344,UK| PEACOCK PPV
345,UK| VIDIO EPL PPV
346,UK| EPL PREMIER LEAGUE PPV
347,UK| EPL PREMIER LEAGUE PPV VIP
348,UK| SPFL/SCOTTISH PPV
349,UK| SUPER LEAGUE PLUS PPV
350,UK| LA LIGA TEAM PPV
351,UK| LIGUE 1 PPV
352,UK| SERIE A TEAM PPV
353,UK| HUB PREMIER PPV
354,UK| UEFA PPV
355,UK| DISCOVERY+ PPV
358,UK| EU GAME PASS PPV
359,UK| FORMULA 1 PPV
360,UK| TT RACES PPV
361,UK| SCOTTISH CUP PPV
362,UK| PDC BOARD PPV
364,UK| PPV EVENT
365,UK| UFC PPV
366,UK| ESPN+ PPV
367,UK| FA PLAYER PPV
368,UK| TRILLER TV PPV
369,UK| FLORUGBY PPV
370,UK| RALLY PPV
371,UK| MONO MAX PPV
372,UK| MXGP PPV
373,UK| VOLLEY BALL WORLD PPV
374,IE| IRELAND HD/4K
376,IE| LOI PPV
377,IE| SETANTA PPV
378,IE| ULSTER GAA PPV
379,IE| TYRONE GAA PPV
380,IE| GAAGO++ PPV
381,IE| GAAGO PPV
382,IE| NIFL PREMIERSHIP PPV
384,IE| CLUBBER PPV
385,UK| ULTIMATE POOL PPV
386,DE| PRIME ᴿᴬᵂ ⁶⁰ᶠᵖˢ
387,DE| JOYN ᴿᴬᵂ
388,DE| WOW ENTERTAINMENT ᴴᴰ ᴰᴼᴸᴮʸ ᴬᵁᴰᴵᴼ
389,DE| WOW SPORT ᴴᴰ ᴰᴼᴸᴮʸ ᴬᵁᴰᴵᴼ
390,DE| RTL+ ᴿᴬᵂ ᴳᴼᴸᴰ
391,DE| SKY GO SPORT VIP
392,DE| SKY GO CINEMA VIP
393,DE| SKY HEVC
394,DE| GENERAL HD/4K
395,DE| SKY MOVIES HD/4K
396,DE| NOW TV SPORTS PPV
397,DE| SPORT HD/4K
398,DE| SKY SPORT AUSTRIA ⁴ᴷ & INF
399,DE| SKY SPORT AUSTRIA HD/4K
400,DE| BUNDESLIGA HD/4K
401,DE| BUNDESLIGA REPLAY
402,DE| LEAGUES FOOTBALL PPV
403,DE| RTL+ PPV
404,DE| DYN PPV EXCLUSIVE
405,DE| DYN PPV 4K
406,DE| DAZN EXCLUSIVE ᴴᴰ/ᴿᴬᵂ
407,DE| DAZN PPV
408,DE| DAZN PPV SKY GO
409,DE| FORMULA 1 PPV
410,DE| SPORT EUROPE PPV
411,DE| MAGENTA COLLECTION ᴿᴬᵂ ᴳᴼᴸᴰ
412,DE| MAGENTA COLLECTION SPORT ᴿᴬᵂ ᴳᴼᴸᴰ
413,DE| MAGENTA PPV ᴴᴰ ᴳᴼᴸᴰ
414,DE| DISCOVERY+ PPV
415,DE| KIDS HD/4K
416,DE| DOCUMENTARY HD/4K
419,DE| MAGENTA FILME 4K
420,DE| MAGENTA SERIE 4K
421,DE| Vodafone GO FILME 4K
422,DE| SKY GO FILME PPV 4K
423,DE| SKY MAX PPV 4K
424,DE| PREMIUM PLAY PPV 4K
425,DE| PLEX 4K
426,DE| CINEMA PPV HD/4K
427,DE| PARAMOUNT INF & ³⁸⁴⁰ᴾ
428,DE| APPLE+ INF & ³⁸⁴⁰ᴾ
429,DE| SKE SLECT INF & ³⁸⁴⁰ᴾ
430,DE| MAGENTA INF & ³⁸⁴⁰ᴾ
431,DE| SPOTIFY INF & ᴿᴬᵂ
432,AT| CANAL+ ONLINE UNTERHALTUNG ᴿᴬᵂ
433,AT| CANAL+ ONLINE SPORT ᴿᴬᵂ
434,AT| JOYN ᴿᴬᵂ
435,AT| AUSTRIA ⱽᴵᴾ
436,AT| AUSTRIA HD/4K
437,AT| DAZN PPV
438,NL| PRIME ᴿᴬᵂ ⁶⁰ᶠᵖˢ
439,NL| CANAL+ ONLINE VERMAAK ᴴᴰ
440,NL| CANAL+ ONLINE VERMAAK ᴿᴬᵂ
441,NL| CANAL+ ONLINE SPORT ᴴᴰ
442,NL| CANAL+ ONLINE SPORT ᴿᴬᵂ
443,NL| ODIDO VERMAAK ᴴᴰ ᴳᴼᴸᴰ
444,NL| ODIDO VERMAAK ᴿᴬᵂ ᴳᴼᴸᴰ
445,NL| ODIDO SPORT ᴴᴰ ᴳᴼᴸᴰ
446,NL| ODIDO SPORT ᴿᴬᵂ ᴳᴼᴸᴰ
447,NL| ALGEMEEN HD/4K
448,NL| SPORT HD/4K
449,NL| VIAPLAY PPV
452,NL| FEYENOORD PPV
453,NL| MAX PPV
454,NL| ESPN PPV
455,NL| DAZN PPV
456,NL| CLIPMYHORSE PPV
457,NL| 8TKO PPV
458,NL| FILMS HD/4K
459,NL| KINDEREN HD/4K
460,NL| DOCUMENTAIRE HD/4K
461,NL| MUZIEK HD/4K
462,NL| NETHERLANDS SD
463,BE| BELGIUM VIP ᴿᴬᵂ
464,BE| TELESAT ᴿᴬᵂ
465,BE| GENERAL HD/4K
466,BE| DOCUMENTARY HD/4K
467,BE| MOVIES HD/4K
468,BE| SPORT HD/4K
469,BE| BELGIUM SPORT VIP ᴿᴬᵂ
470,BE| DAZN PPV
471,BE| DAZN PPV ⱽᴵᴾ
472,BE| DAZN PPV ⱽᴵᴾ ᶠʳ
473,BE| KIDS HD/4K
474,IT| PRIME ᴿᴬᵂ ⁶⁰ᶠᵖˢ
475,IT| PLATINUM TV UHD/4K
476,IT| GENERALE HD/4K
477,IT| GOLD TV HEVC
478,IT| CINEMA HD/4K
479,IT| CINEMA VIP HD/4K
480,IT| 24/7 MOVIES & SERIES
481,IT| DOCUMENTARIO HD/4K
482,IT| BAMBINI HD/4K
483,IT| REGIONALI HD/4K
486,IT| SPORT HD/4K
487,IT| DAZN PPV
488,IT| DAZN VIP HD/4K
489,IT| SERIE A/B/C
490,IT| AMAZON PRIME PPV
491,IT| FORMULA 1 / MOTOGP
492,IT| BASKET HD/4K
493,CH| SWITZERLAND HD/4K
494,CH| MYSPORTS ᴿᴬᵂ
495,CH| BLUE SPORT ᴿᴬᵂ
496,CH| SFL PPV
497,CH| DAZN PPV
498,PL| CANAL+ ONLINE SPORT ᴿᴬᵂ
499,PL| KANAŁY TVN PLAYER ᴴᴰ
500,PL| KANAŁY TVN PLAYER ᵁᴴᴰ
501,PL| SPORT TVN PLAYER ᴴᴰ
502,PL| SPORT TVN PLAYER ᵁᴴᴰ
503,PL| POLSKIE HD
504,PL| POLSKIE 4K
505,PL| POLSKIE ᴿᴬᵂ VIP
506,PL| WALKI PPV
507,PL| MAX PPV
508,PL| POLAND +6H
509,GR| ΓΕΝΙΚΟΣ/GENERAL VIP
510,GR| ΣΙΝΕΜΑ/CINEMA VIP
511,GR| ΓΙΑ ΠΑΙΔΙΑ/KIDS VIP
512,GR| ΑΘΛΗΤΙΚΑ/SPORTS VIP
513,GR| COSMOTE FILM 24/7 VIP
514,GR| ΜΟΥΣΙΚΗ/MUSIC VIP
515,GR| ΝΤΟΚΙΜΑΝΤΕΡ/DOCUMENTARY VIP
516,GR| ΕΛΛΗΝΙΚΑ/GREECE
517,GR| ΓΕΝΙΚΟΣ/GENERAL
518,GR| ΣΙΝΕΜΑ/CINEMA
519,GR| ΚΑΤΑ ΠΑΡΑΓΓΕΛΙΑ/24/7
520,GR| ΑΘΛΗΤΙΚΑ/SPORTS
521,GR| ΓΙΑ ΠΑΙΔΙΑ/KIDS
522,GR| ΜΟΥΣΙΚΗ/MUSIC
523,GR| ΝΤΟΚΙΜΑΝΤΕΡ/DOCUMENTARY
524,CY| ΚΥΠΡΙΑΚΑ/CYPRUS VIP
525,CY| CYTAVISION VIP
526,CY| ΚΥΠΡΙΑΚΑ/CYPRUS
527,SE| SWEDEN ᴴᴰ/ᴿᴬᵂ
528,SE| SWEDEN ᵁᴸᵀᴿᴬ ᴿᴬᵂ ᴰᴼᴸᴮʸ ᴬᵁᴰᴵᴼ
529,SE| ONDEMAND ᴿᴬᵂ
531,SE| VIAPLAY PPV
532,SE| PLAY+ PPV
533,SE| TV4 PLAY PPV
534,SE| MAX PPV
535,SE| MAX ᴿᴬᵂ
538,SE| DISNEY+ PPV
539,SE| INNEBANDY PLAY PPV
540,SE| AFTONBLADET PPV
541,SE| SVENSK HOCKEY PPV
542,SE| SVENSKBIL SPORT TV PPV
543,SE| HANDBOLLSLIGAN PPV
544,SE| HOCKEY ETTAN PPV
545,SE| ETTAN PLAY PPV
546,SE| FANSEAT PPV
547,SE| MFFPLAY PPV
548,SE| EXPRESSEN PPV
549,SE| DAZN PPV
550,DK| DENMARK ᴴᴰ/ᴿᴬᵂ
551,DK| DENMARK ᵁᴸᵀᴿᴬ ᴿᴬᵂ ᴰᴼᴸᴮʸ ᴬᵁᴰᴵᴼ
552,DK| PLAY TV2 ᴿᴬᵂ
553,DK| VIAPLAY ᴴᴰ
554,DK| PLAY TV2 PPV
555,DK| MAX PPV
556,DK| VIAPLAY PPV
559,DK| DISNEY+ PPV
560,NO| NORWAY ᴴᴰ/ᴿᴬᵂ
561,NO| NORWAY ᵁᴸᵀᴿᴬ ᴿᴬᵂ ᴰᴼᴸᴮʸ ᴬᵁᴰᴵᴼ
562,NO| TV2 PLAY ᴿᴬᵂ
563,NO| TV2 PLAY PPV
564,NO| DIREKTE SPORT PPV
565,NO| VGTV PPV
566,NO| MAX PPV
568,FI| FINLAND ᴴᴰ/ᴿᴬᵂ
569,FI| FINLAND ᵁᴸᵀᴿᴬ ᴿᴬᵂ ᴰᴼᴸᴮʸ ᴬᵁᴰᴵᴼ
570,FI| PLAY+ PPV
571,FI| VIAPLAY PPV
572,FI| MTV PPV
574,IS| SIMINN ᴿᴬᵂ
576,IS| VIAPLAY PPV
577,IS| LIVEY PPV
578,HU| DIRECT ONE VIP
579,HU| HUNGARY HD/4K
580,RO| FOCUS SAT VIP
581,RO| ROMANIA HD/4K
582,AL| ALBANIA PREMIUM ᴿᴬᵂ
583,AL| SPORT PREMIUM ᴿᴬᵂ
584,AL| ALBANIA VIP ᴿᴬᵂ
585,AL| ALBANIA SPORT VIP ᴿᴬᵂ
586,AL| GJENERALE
587,AL| LAJME
588,AL| MUZIKË
589,AL| HUMOR
590,AL| FILMA HD/SERIALE
591,AL| SPORT
592,AL| DOKUMENTAR
593,AL| FEMIJË
594,AL| FETARE
595,AL| 24/7
596,RU| RUSSIAN HD/4K
597,UK| UKRAINE HD/4K
598,IL| HEBREW PARTNER TV VIP
599,IL| HEBREW FREE TV VIP
600,IL| HEBREW SCREEN TV VIP
601,IL| HEBREW CELLCOM TV VIP
602,IL| HEBREW VIP HD/4K
603,IL| HEBREW HD/4K
604,MA| MALTA VIP
605,MA| MALTA ᴴᴰ
606,CZ| SKYLINK ZÁBAVA ᴿᴬᵂ
607,CZ| CZECH REPUBLIC
608,CZ| SKYLINK SPORT ᴿᴬᵂ
609,CZ| IPRIMA ᴴᴰ
610,EXYU| 24/7 ᴿᴬᵂ
611,EXYU| BALKAN SKY 24/7 ᴿᴬᵂ
612,EXYU| SKY KIDS 24/7 ᴿᴬᵂ
613,SR| SERBIA ⱽᴵᴾ ᴿᴬᵂ
614,SR| SERBIA ᴴᴰ/ᴿᴬᵂ
615,BH| BOSNIA ⱽᴵᴾ ᴿᴬᵂ
616,BH| BOSNIA ᴴᴰ/ᴿᴬᵂ
617,HR| CROATIA ⱽᴵᴾ ᴿᴬᵂ
618,HR| CROATIA ᴴᴰ/ᴿᴬᵂ
619,MK| MACEDONIA ⱽᴵᴾ ᴿᴬᵂ
620,MK| MACEDONIA ᴴᴰ/ᴿᴬᵂ
621,SI| SLOVENIA ⱽᴵᴾ ᴿᴬᵂ
622,SI| SLOVENIA ᴴᴰ/ᴿᴬᵂ
623,CG| MONTENEGRO/CMA GORA ᴿᴬᵂ
624,CG| MONTENEGRO/CMA GORA ⱽᴵᴾ ᴿᴬᵂ
625,BG| BULGARIA ⱽᴵᴾ ᴿᴬᵂ
626,BG| BULGARIA ᴴᴰ/ᴿᴬᵂ
627,TR| TÜRKIYE 4K TV
628,TR| ÇOCUKLAR 4K
629,TR| FIMLER 4K
630,TR| DIZILER 4K
631,TR| HABER 4K
632,TR| MÜZİK 4K
633,TR| BEIN SPORTS GOLD
634,TR| EXXEN SPORTS GOLD
635,TR| SPOR KANALI GOLD
636,TR| SPOR KANALI VIP
637,TR| SPOR KANALI LOCAL
638,TR| TABII SPORT ᴿᴬᵂ
639,TR| BELGESEL 4K
640,TR| REDBOX 24/7 ᴿᴬᵂ
641,TR| TURKISH +6H NA
642,KU| KURDISH SAT ᶠ ᴴᴰ
643,KU| KURDISH DVB-T ᶠ ᴴᴰ
644,KU| KURDISH 24/7 ᶠ ᴴᴰ
645,KU| KURDISH GENERAL HD/4K
646,KU| KURDISH NEWS HD/4K
647,KU| KURDISH SPORT HD/4K
648,KU| KURDISH KIDS HD/4K
649,IR| IRAN VIP
650,IR| IRAN ᶠ ᴴᴰ
651,IR| IRAN MOVIES 24/7
652,AG| AFGHANISTAN HD/4K
653,AFR| SOMALIA
654,AFR| ETHOPIA VIP
655,AFR| ETHIOPIA & ERITREA
656,AFR| AFRICA VIP HD/4K
657,AFR| CANAL+ VIP HD/4K
658,AFR| DSTV VIP HD/4K
659,AFR| AZAM NETWORK
660,JP| JAPAN HD/4K
661,TN| TAIWAN HD/4K
662,GE| GEORGIA
663,AZ| AZERBAIJAN
664,PH| PHILIPINES HD/4K
665,UZ| UZBEKISTAN
666,VE| VENEZUELA
667,VI| VIETNAM
668,AM| ARMENIA
669,HK| HONGKONG 4K/HD
670,CH| CHINA
671,MA| MALAYSIA
672,ID| VISION+
673,ID| VIDIO
674,ID| MOLA PPV
675,KO| SOUTH KOREA
676,TH| THAILAND
677,KZ| KAZACHSTAN
678,LT| LITHUANIA
679,RX| RELAX 4K ☼
680,4K| 24/7 ᵁᴴᴰ ³⁸⁴⁰ᴾ
681,AR| ALWAN ENTERTAINMENT ▶
682,AR| WATCH IT 4K ▶ واتش ات
683,AR| STARZ PLAY 4K ▶ ستارز بلاي
684,AR| ITUNES 4K ▶ ايتونز
685,AR| TOD SPORT ⁸ᴷ & PPV ⚽
686,AR| BEIN SPORTS ⁸ᴷ & AFC ⚽
687,AR| BEIN SPORTS ⁸ᴷ & ³⁸⁴⁰ᴾ ⚽
688,AR| BEIN SPORTS ⁸ᴷ & ᴴᴰ ⚽
689,AR| BEIN SPORTS ⁸ᴷ & SD ⚽
690,AR| BEIN SPORTS ⁸ᴷ & ▼SD ⚽
691,AR| BEIN SPORTS ⁸ᴷ & ʰᵉᵛᶜ ⚽
692,AR| BEIN SPORTS ⁸ᴷ & ᴿᴬᵂ ⚽
693,AR| BEIN SPORTS ⁸ᴷ & ᵀᴷ ⚽
694,AR| BEIN SPORTS F ⚽
695,AR| BEIN SPORTS F & AFC ⚽
696,AR| BEIN SPORTS ˢˢ ⚽
697,AR| BEIN SPORTS ᴮᴱ ⚽
698,AR| BEIN SPORTS ◉ ⚽
699,AR| BEIN SPORTS ᵁᴴᴰ ⚽
700,AR| BEIN SPORTS ᴺᴹ ⚽
701,AR| BEIN SPORTS ᴺᴹ & ASIA ⚽
702,AR| BEIN SPORTS SA ⚽
703,AR| UEFA CHAMPIONS LEAGUE ⚽
704,AR| AL FAJER ᴿᴬᵂ ▶ الفجر ⚽️
705,AR| AL FAJER ᴮᴱ ▶ الفجر ⚽️
706,AR| ALWAN SPORT ᴿᴬᵂ ⚽
707,AR| POST SPORT ᴿᴬᵂ ⚽
708,AR| WATER SPORT ᴿᴬᵂ ⚽️
709,AR| SHASHA SPORT ᴮᴱ ⚽
710,AR| ARABIC SPORT 4K ▶ رياضه ⚽️
711,AR| STARZPLAY SPORT ⁸ᴷ & ⁴ᴷ ⚽
712,AR| STARZPLAY SPORT ⁸ᴷ & ᵀᴷ ⚽
713,AR| STARZPLAY SPORT ᴹ & ᴿᴬᵂ ⚽
714,AR| STARZPLAY SPORT ᴮᴱ & ᴿᴬᵂ ⚽
715,AR| THMANYAH ⁸ᴷ ⚽
716,AR| THMANYAH ᴮᴱ ⚽
717,AR| THMANYAH ◉ ⚽
718,AR| THMANYAH SA ⚽
719,AR| THMANYAH ᴺᴹ ⚽
720,AR| SHAHID BUNDESLIGA ᴮᴱ ⚽
721,AR| SHAHID BUNDESLIGA ◉ ⚽
722,AR| SHAHID BUNDESLIGA ᴺᴹ⚽
723,AR| DAZN MENA PPV ⁸ᴷ
724,AR| MLS PPV 4K ▶ الدوري الاميركي ⚽️
725,AR| MBC 4K
726,AR| MBC 24/7 ᴿᴬᵂ
727,AR| MBC SHAHID ᴿᴬᵂ
728,AR| LEBANON 4K ▶ لبنان
729,AR| SYRIA 4K ▶ سوريا
730,AR| MOROCCO 4K ▶ المغرب
731,AR| MOROCCO 24/7 4K ▶ المغرب
732,AR| OSN PLATINUM 4K
733,AR| OSN ᶠ ᴴᴰ
734,AR| OSN ᴮᴱ ᴴᴰ
735,AR| GOBX PLATINUM 4K
736,AR| GOBX ᴮᴱ
737,AR| MYHD ᶠ ᴿᴬᵂ
738,AR| ROTANA & ART 4K ▶ روتانا
739,AR| EGYPT 4K ▶ مصر
740,AR| NEWS 4K ▶ الاخبار
741,AR| KIDS 4K ▶ أطفال
742,AR| SHAHID VIP 4K ▶ شاهد الاصلية
743,AR| SHAHID. CINEMA 4K ▶ شاهد سينما
744,AR| WEYYAK 4K ▶ وياك
745,AR| SHOOF DRAMA 4K ▶ شوف دراما
746,AR| SHOOF COMEDY 4K ▶ شوف كوميدي
747,AR| ON DEMAND 4K ▶ حسب الطلب
748,AR| NETFLIX GERMANY 4K ▶ نتفليكس ألماني
749,AR| NETFLIX MOVIES 4K ▶ أفلام نتفليكس
750,AR| NETFLIX SERIES 4K ▶ مسلسلات نتفليكس
751,AR| BOX OFFICE 4K ▶ بوكس اوفيس
752,AR| WORLD OF COOKING 4K ▶ عالم الطبخ
753,AR| CHEF OMAR 4K ▶ الشيف عمر
754,AR| ️ACTORS 4K ▶ الفنانون
755,AR| ️TOD 4K ▶ تود الأصليه
756,AR| ️HBO 4K ▶ اتش بي او
757,AR| PRIME VIDEO ▶ برايم فيديو
758,AR| ️WATCH BOX 4K ▶ واتش بوكس
759,AR| ️HULU 4K ▶ ️هولو
760,AR| ️VIVO 4K ▶ ️فيفو
761,AR| ️POWER 4K
762,AR| ️MAJESTIC 4K ▶ ️ماجستيك
763,AR| BEIN OD PLATINUM 4K ▶ ترفيه حسب الطلب
764,AR| BEIN ENTERTAINMENT ᴺᴹ ▶ الترفيهية
765,AR| BEIN ENTERTAINMENT SS ▶ الترفيهية
766,AR| BEIN ENTERTAINMENT 4K ▶ الترفيهية
767,AR| BEIN ENTERTAINMENT F ▶ الترفيهية
768,AR| BEIN ENTERTAINMENT ᴮᴱ ▶️ الترفيهية
769,AR| ALRABIAA ᴺᴹ
770,AR| ZINA ᴺᴹ
771,AR| ONC ᴺᴹ
772,AR| 24/7 ᴺᴹ
773,AR| EMIRATES 4K ▶ الامارات
774,AR| IRAQ 4K ▶ العراق
775,AR| IRAQ ISLAMIC 4K ▶ العراق اسلامي
776,AR| AL-MAJD TV 4K ▶ المجد
777,AR| AL-MAJD TV ᴮᴱ ▶ المجد
778,AR| SAUDI 4K ▶ السعودية
779,AR| KUWAIT 4K ▶ الكويت
780,AR| QATAR 4K ▶ قطر
781,AR| OMAN 4K ▶ عمان
782,AR| BAHRAIN 4K ▶ البحرين
783,AR| JORDAN 4K ▶ الاردن
784,AR| ROYA GROUP 4K ▶ رؤيا
785,AR| PALESTINE 4K ▶ فلسطين
786,AR| TUNISIA 4K ▶ تونس
787,AR| ALGERIA 4K ▶ الجزائر
788,AR| YEMEN 4K ▶ اليمن
789,AR| LIBYA 4K ▶ ليبيا
790,AR| SUDAN 4K ▶ سودان
791,AR| ANGHAMI 4K ▶ انغامي
792,AR| MUSIC 4K ▶ موسيقى
793,AR| DOCUMENTARY 4K ▶ وثائقي
794,AR| QURAN 4K ☾ القران
795,AR| ISLAMIC 4K ☾ اسلامية
796,AR| MUSLIM TV ☾ مسلم
797,AR| CHRISTIAN 4K ✟ مسيحية
798,AR| LEBANON LQ ▼ لبنان
799,AR| SYRIA LQ ▼ سوريا
800,AR| MBC LQ ▼ ام بي سي
801,AR| ROTANA LQ ▼ روتانا
802,AR| NEWS LQ ▼ الاخبار
803,AR| EMIRATES LQ ▼ الامارات
804,AR| IRAQI LQ ▼ العراق
805,AR| MOROCCO LQ ▼ المغرب
806,AR| EGYPT LQ ▼ مصر
807,AR| ALGERIA LQ ▼ الجزائر
808,AR| LIBYA LQ ▼ ليبيا
809,AR| TUNISIA LQ ▼ تونس
810,AR| JORDAN LQ ▼ الأردن
811,AR| SAUDI LQ ▼ السعودية
812,AR| PALESTINE LQ ▼ فلسطين
813,AR| YEMEN LQ ▼ اليمن
814,AR| KIDS LQ ▼ اطفال
815,AR| DOCUMENTER LQ ▼ وثائقية
816,AR| ISLAMIC LQ ▼ اسلامية
817,AR| QATAR LQ ▼ قطر
818,AR| CHRISTIAN LQ ▼ مسيحية
819,AR| SUDAN LQ ▼ سودان
820,AR| MUSIC LQ ▼ أغاني
821,AR| KURD LQ ▼ كردستان
822,AR| SPORT LQ ▼ رياضه ⚽️
823,AR| MBC +6H USA ⎋
824,AR| LEBANON +6H USA ⎋
825,AR| SYRIA +6H USA ⎋
826,AR| MOROCCO +6H USA ⎋
827,AR| IRAQ +6H USA ⎋
828,AR| EGYPT +6H USA ⎋
829,AR| ALGERIE +6H USA ⎋
830,AR| TUNISIA +6H USA ⎋
831,AR| EMIRATES +6H USA ⎋
832,AR| KUWAIT +6H USA ⎋
833,AR| CHRISTEM +6H USA ⎋
834,AR| ART +6H USA ⎋
835,Entertainment
836,Misc. Sports
837,Viaplay (Multi Audio)
838,Scotland
839,Ireland
840,PayPerView/Special Events
841,U.K - Premier League (3pm included)
842,U.K - Championship
843,U.K - EFL League 1
844,U.K - EFL League 2
845,U.K - National League Vanarama
846,U.K - TNT Sport
847,U.K - Sky Sports
848,U.K - Sky Sports +
849,UEFA UCL/EL/ECL
850,U.K - FA/EFL Cup
851,U.K - Entertainment
852,U.K - Movies
853,U.K - Documentaries
854,U.K - News
855,U.K - Kids
856,U.K - DAZN
857,U.K - Sports (Others)
858,U.K - Amazon Prime
859,U.K - ViaPlay
860,U.K - Discovery Plus
861,U.K - International
862,U.K - Music
863,U.K - Betting Horses/Greyhounds
864,U.K - FA Women Super League
865,U.K - MotoSport TV
866,U.K - Betfred League
867,U.S.A - ABC
868,U.S.A - CBS
869,U.S.A - CW
870,U.S.A - FOX
871,U.S.A - NBC
872,U.S.A - MYNET
873,U.S.A - Peacock Live
874,U.S.A - Telemundo
875,U.S.A - Movies
876,U.S.A - Entertainment
877,U.S.A - Kids
878,U.S.A - Documentaries
879,U.S.A - News
880,U.S.A - Music
881,U.S.A - Paramount+
882,U.S.A - Flo Rugby
883,U.S.A - Flo College
884,U.S.A - Flo Racing
885,U.S.A - Sports (Peacock)
886,U.S.A - Golf Channel
887,U.S.A - Tennis Channel
888,U.S.A - Sports (Bally)
889,U.S.A - Sports (NCAAF)
890,U.S.A - Sports (NBA)
891,U.S.A - Sports (WNBA)
892,U.S.A - Sports (NBC)
893,U.S.A - Sports (NFL)
894,U.S.A - Sports (NHL)
895,U.S.A - Sports (MLS)
896,U.S.A - Sports (MLB)
897,U.S.A - Sports (MiLB TV)
898,U.S.A - Sports (ESPN)
899,U.S.A - Sports (FOX)
900,U.S.A - Sports (Others)
901,Canada - General
902,Canada - News
903,Canada - Entertainment
904,Canada - Movies
905,Canada - Documentary
906,Canada - Fubo TV
907,Canada - Sports
908,Canada - DAZN
909,Canada - QMJHL
910,Canada - WHL
911,Canada - OHL
912,Canada - SportsNet
913,Canada - TSN+
914,Canada - Locals
915,Canada - Kids
916,Canada - French/Canada
917,DSTV ZA - Supersports
918,DSTV ZA - Sports (Others)
919,DSTV ZA - Movies and Series
920,DSTV ZA - Entertainment
921,DSTV ZA - Documentaries
922,DSTV ZA - Kids
923,DSTV ZA - Music
924,DSTV ZA - News
925,BeIn Sports Mena
926,New Zeeland
927,Malaysia
928,Adult
929,VIP | EUROW 2025
930,VIP | PPV-SPORT EVENTS
931,VIP | SPORTING EVENTS
932,VIP | CHRISTMAS
933,VIP | F1 and MotoGP
934,AR | ARAB SPORT
935,AR | BEIN Entertainment
936,AR | STARZPLAY
938,AR | ART / TOD
939,AR | MBC-GROUP
940,AR | KIDS
941,VIP | SHAHID
942,VIP | VIP-PREMIUN CINEMA
943,AR | ROTANA
944,AR | MUSIC
945,AR | NEWS
946,AR | ISLAMIC
947,VIP| RAMADAN 2025
948,AR | MOROCCO
949,AR | ALGERIA
950,AR | TUNISIA
951,AR | MAURITANIA
952,AR | LIBYA
953,AR | EGYPT
954,AR | EGYPT SPORT
955,AR | EGYPT CINEMA
956,AR | SUDAN
957,AR | PALESTINE
958,AR | LEBANON
959,AR | SYRIA
960,AR | JORDAN
961,AR | IRAQ
962,AR | SAUDI ARABIA
963,AR | KUWAIT
964,AR | BAHRAIN
965,AR | OMAN
966,AR | EMIRATES
967,AR | QATAR
968,AR | YEMEN
969,AR | CHRISTIAN
970,AR | BEIN SPORTS
971,AR | BEIN SPORTS FHD / 4K
972,AR | BEIN SPORTS PREMIUM
973,AF | DSTV GENERALE
974,AF | DSTV SPORT
975,AF | DSTV ENTERTAIMENT
976,AF | DSTV CINEMA
977,AF | DSTV KIDS
978,AF | AFRICA CANAL+
979,AF | AFRICA CANAL+ SPORT
980,AF | AFRICA CANAL+ ENTERTAIMENT
981,AF | AFRICA CANAL+ CINEMA
982,AF | AFRICA CANAL+ KIDS
983,AF | SENEGAL
985,AF | SOMALIA
986,AF | AFRICA
987,AF | AFRICA ENTERTAIMENT
988,AF | AFRICA CINEMA
989,AF | CAMEROON
990,AF | GHANA
991,AF | ETHIOPIA
992,AF | KENYA
993,AF | CONGO
994,AF | NIGERIA
995,AF | UGANDA
998,EU | FRANCE INFORMATION
1001,EU | FRANCE DOM TOM
1003,EU | FRANCE ENFANTS
1005,EU | FRANCE PPV
1006,EU | SPAIN GENERALE
1007,EU | SPAIN ENTERTAIMENT
1008,EU | SPAIN DOCUMENTARY
1009,EU | SPAIN CINEMA
1010,EU | SPAIN SPORTS
1011,EU | SPAIN KIDS
1012,EU | SPAIN MUSIC
1013,EU | GERMANY FHD
1014,EU | GERMANY HEVC
1015,EU | GERMANY HD
1017,EU | PORTUGAL FHD
1018,EU | PORTUGAL HEVC
1019,EU | PORTUGAL HD
1020,EU | NETHERLANDS FHD
1021,EU | NETHERLANDS HEVC
1022,EU | NETHERLANDS HD
1023,EU | ITALY FHD
1024,EU | ITALY HEVC
1025,EU | ITALY HD
1026,EU | ITALY PPV-LIVE EVENTS
1027,EU | MALTA
1028,EU | UK GENERAL
1029,EU | UK ENTERTAINMENT
1030,EU | UK SPORT
1031,EU | UK SPORT LIVE EVENTS
1032,EU | UK SPORT 50 FPS
1033,EU | UK CINEMA
1034,EU | UK DOCUMENTRIES
1035,EU | UK KIDS
1036,EU | UK MUSIC
1037,EU | UK INDIA/PAKISTAN
1038,EU | IRELAND
1039,EU | AUSTRIA
1040,EU | BELGIUM
1041,EU | SWEDEN
1042,EU | SWEDEN ENTERTAIMENT
1043,EU | SWEDEN CINEMA
1044,EU | SWEDEN KIDS
1045,EU | SWEDEN SPORT
1046,EU | SWEDEN PPV
1047,EU | DENMARK
1048,EU | DENMARK SPORT
1049,EU | DENMARK PPV
1050,EU | FINLAND
1051,EU | FINLAND SPORT
1052,EU | FINLAND PPV
1053,EU | NORWAY
1054,EU | NORWAY SPORT
1055,EU | NORWAY PPV
1056,EU | POLAND FHD
1057,EU | POLAND HD
1058,EU | POLAND SPORTS
1059,EU | ICELAND
1060,EU | ICELAND PPV
1061,EU | SWITZERLAND
1062,EU | ROMANIA FHD
1063,EU | ROMANIA HD
1065,EU | BULGARIA
1066,EU | GR ΓΕΝΙΚΑ
1067,EU | GR ΑΘΛΗΤΙΚΑ
1068,EU | GR ΠΑΙΔΙΚΑ
1069,EU | GR ΨΥΧΑΓΩΓΙΑ
1070,EU | GR ΚΙΝΗΜΑΤΟΓΡΑΦΟΣ
1071,EU | GR ΡΑΔΙΟΦΩΝΟ
1072,EU | CYPRUS
1073,EU | RUSSIA
1074,EU | CZECH
1076,EU | LITHUANIA
1077,EU | LATVIA
1078,EU | SLOVAKIA
1079,EU | GEORGIA
1080,EU | ALBANIA RTSH
1081,EU | ALBANIA ISLAME
1082,EU | ALBANIA SPORTS
1083,EU | ALBANIA FEMIJET
1084,EU | ALBANIA MUZIKE
1085,EU | ALBANIA LAJME
1086,EU | ALBANIA DOKUMENTARE
1087,EU | ALBANIA FILMA
1088,EU | ALBANIA GJENERALE
1089,EU | EXYU GENERAL
1090,EU | EXYU SPORTS
1091,EU | EXYU SRBIJA
1092,EU | EXYU PINK
1093,EU | EXYU BOSNIA
1094,EU | EXYU CROATIA
1095,EU | EXYU MACEDONIA
1096,EU | EXYU SLOVENIA
1097,EU | EXYU 24/7
1098,EU | TURK ULUSAL
1099,EU | TURK SPOR
1100,EU | TURK BELGESEL
1101,EU | TURK DIGER KANALAR
1102,EU | TURK HABER
1103,EU | TURK COCUK
1104,EU | TURK SINEMA
1105,EU | TURK MUZIK
1106,EU | TURK DINI
1107,EU | KURDISH
1108,EU | EZIDXAN
1109,EU | AZERBAIJAN
1111,AM | USA GENERAL
1112,AM | USA SPORT
1113,AM | USA FANDUEL
1114,AM | USA NEWS
1115,AM | USA ENTERTAINMENT
1116,AM | USA DOCUMENTARY
1117,AM | USA CINEMA
1118,AM | USA KIDS&FAMLIY
1119,AM | USA MUSIC
1120,AM | USA PPV-LIVE EVENTS
1121,AM | USA ABC
1122,AM | USA CBS
1123,AM | USA CW
1124,AM | USA FOX
1125,AM | USA ESPN
1126,AM | USA NBC SPORT
1127,AM | USA FOX SPORT
1128,AM | USA PBS
1129,AM | USA NFL
1130,AM | USA NBA
1131,AM | USA MLB
1132,AM | USA MLS
1133,AM | USA NCAA
1134,AM | USA FLO
1135,AM | USA STREAMED CHANNELS
1136,AM | USA PARAMOUNT
1137,AM | USA UNIVISION
1138,AM | USA MY
1139,AM | USA NBC
1140,AM | USA NHL
1141,AM | USA TELEMUNDO
1142,AM | USA  BALLY SPORTS
1143,AM | USA LATINO
1144,AM | USA WHL
1145,AM | USA VICTORY+
1146,AM | USA METV & ION
1147,AM | USA OHL
1148,AM | USA DIRTVISION
1149,AM | USA VIX
1150,AM | USA MILB
1151,AM | CANADA GENERAL
1152,AM | CANADA FRANÇAIS
1153,AM | CANADA FRANÇAIS SPORT
1154,AM | CANADA FRANÇAIS ENTRTENMENT
1155,AM | CANADA FRANÇAIS CINEMA
1156,AM | CANADA FRANÇAIS DOCUMENTARY
1157,AM | CANADA SPORTS/EVENTS
1158,AM | CANADA LIVE EVENT-PPV
1159,AM | CANADA ENTERTAINMENT
1160,AM | CANADA CINEMA
1161,AM | CANADA DOCUMENTARY
1162,AM | CANADA KIDS
1163,AM | CANADA MUSIC
1164,AM | CANADA LOCAL CHANNELS
1165,AM | CANADA OTHERS
1166,AM | LATINO
1167,AM | MEXICO
1168,AM | CARIBBEAN
1169,AM | SURINAME
1170,AM | PANAMA
1172,AM | BOLIVIA
1173,AM | BRAZIL FHD
1174,AM | BRAZIL HD
1176,AM | COLOMBIA
1177,AM | ECUADOR
1178,AM | EL SALVADOR
1179,AM | COSTA RICA
1182,AM | PERU
1183,AM | URUGUAY
1184,AM | VENEZUELA
1185,AM | HAITI
1186,AM | DOMINICAN REP
1187,BAB | CRICKET
1188,AS | INDIA HINDI
1189,AS | INDIA MALAYALAM
1190,AS | INDIA TAMIL
1191,AS | INDIA PUNJABI
1192,AS | INDIA MARATHI
1193,AS | INDIA TELUGU
1194,AS | INDIA GUJARATI
1195,AS | INDIA BHOJPURI
1196,AS | INDIA BANGLA
1197,AS | INDIA KANNADA
1198,AS | INDIA URDO
1199,AS | PAKISTAN VIP
1200,AS | PAKISTAN
1201,AS | IRAN
1202,AS | ISRAËL
1204,AS | KAZAKHSTAN
1205,AS | AUSTRALIA
1206,AS | JAPAN
1207,AS | INDONESIA
1208,AS | MALAYSIA
1209,AS | BANGLADESH
1210,AS | PHILIPPINE
1211,AS | Sri Lanka
1212,AS | VIETNAM
1213,AS | SINGAPORE
1214,AS | KOREA
1215,AS | THAILLAND
1216,AS | CHINA
1217,AS | TAIWAN
1218,AS | CAMBODIA
1219,AS | NEW ZEALAND
1220,24/7 | FRENCH
1221,24/7 | ENGLISH
1222,24/7 | GERMANY
1223,24/7 | ARABE
1224,24/7 | PORTUGAL
1225,24/7 | CHINA
1226,24/7 | GREECE
1227,24/7  | SPAIN
1228,24/7 | MALAYSIA
1229,24/7 | ROMANIA
1230,24/7 | TURKISH
1231,24/7 | INDIA
1232,EU | SCANDINAVE PPV
1233,EU | ESTONIA
1234,AM | USA PEACOCK
1235,AM | USA QMJHL
1236,AM | USA TRILLER TV
1237,AM | USA ESPN PLUS
1238,AM | USA ESPN PLAY
1239,AM | USA SPECTRUM
1240,AM | USA 24/7 SEREIS
1241,AM | USA HBO MAX
1242,AM | USA PLAY KIDZ
1243,AM | USA 24/7 ON-DEMAND
1244,AM | USA APPLE TV+
1245,AM | USA HULU
1246,AM | USA BTN
1248,PT| PORTUGALⱽᴵᴾ ᴿᴬᵂ
1249,PT| DESPORTO ⱽᴵᴾ ᴿᴬᵂ
1252,Documentaries
1254,Kids
1255,UK| AMAZON PRIME PPV
1256,Music
1276,PT| MEO ᴿᴬᵂ
1277,PT| MEO DESPORTO ᴿᴬᵂ
1278,AR | ALWAN VIP
1279,AR | OSN 
1280, AF | LOCAL
1281,EU | FRANCE GENERALE 
1282,EU | FRANCE SPORTS 
1283,EU | FRANCE DIVERTISSEMENT 
1284,EU | FRANCE CINEMA 
1285,EU | FRANCE DOCUMENTARY 
1286,EU | FRANCE MUSIC 
1287,EU | GERMANY PPV 
1288,EU | HUNGARY 
1289,EU | UKRAINE 
1290,EU | ARMENIA 
1291,AM | ARGENTINA 
1292,AM | CHILE 
1293,AM | HONDURAS 
1294,AM | PARAGUAY 
1295,AS | AFGHANISTAN 
1313,|PPV| ✪ ALL PPV EVENT
1314,|FR| ✪ FRANCE ULTRA ᵁᴴᴰ
1315,|FR| ✪ TNT HD
1316,|FR| ✪ TNT HEVC
1317,|FR| ✪ TNT SD
1318,|FR| ✪ BOX OFFICE 4K
1319,|FR| ✪ BOX OFFICE
1320,|FR| ✪ NETFLIX | CANALPLAY
1321,|FR| ✪ MUSIC
1322,|FR| ✪ DELAY
1323,|FR| ✪ RMC CHANNEL
1324,|FR| ✪ DOCUMENTAIRE
1325,|FR| ✪ INFORMATIONS
1326,|FR| ✪ CINEMA
1327,|FR| NBA PRIME
1328,|FR| ✪ SPORT
1329,|FR| ✪ NUMERICABLE
1330,|FR| ✪ FRANCE PLUTO TV
1331,|FR| ✪ ENFANT
1332,|FR| ✪ LIGUE + ULTRA ᵁᴴᴰ
1333,|FR| ✪ LIGUE PLUS LIVE
1334,|FR| ✪ LIGUE 1 ( B )
1335,|FR| ✪ DAZN SERIE A
1336,|FR| ✪ AMAZON PRIME PPV
1337,|FR| ✪ CANAL+ SPORT
1338,|FR| ✪ CANAL+ LIVE
1339,|FR| ✪ MYSPORTS
1340,|FR| ✪ DAZN LIGUE+
1341,|FR| ✪ DAZN SUPER LEAGUE BASKETBALL
1342,|FR| ✪ BETCLIC ELITE PPV
1343,|FR| ✪ EHF EUROPEAN PPV
1344,|FR| ✪ SKWEEK EVENMENT
1345,|FR| ✪ EQUIDIA RACING
1346,|FR| ✪ FANSEAT EVENMENT
1347,|FR| ✪ FFF TV
1348,|FR| ✪ LEQUIPE LIVE
1349,|FR| ✪ DAZN EVENT
1350,|FR| ✪ DAZN EVENMENT
1351,|FR| ✪ BEIN SPORT
1352,|FR| ✪ EUROSPORT
1353,|FR| ✪ EUROSPORT 360
1354,|FR| ✪ UEFA WOMEN S CHAMPIONS LEAGUE
1355,|FR| ✪ MAX PPV
1356,|FR| ✪ RÉUNION
1357,|FR| ✪ SONY+ CINEMA
1358,|4K| ✪ UHD 3840P
1359,|FR| ✪ CARIBBEAN
1360,|BE| ✪ FRENCH
1361,|BE| ✪ VLAAMS
1362,|BE| ✪ KIDS
1363,|BE| ✪ SPORT
1364,|BE| ✪ DAZN LIVE
1365,|BE| ✪ PLAY SPORTS
1366,|BE| ✪ BUNDESLIGA PPV
1367,|BE| ✪ LIGUE 1
1368,|BE| ✪ SERIE A
1369,|BE| ✪ LALIGA PPV
1370,|BE| ✪ LUXEMBURG
1371,|BE| ✪ DAZN EVENT
1372,|BE| ✪ DAZN JUPILER PRO LEAGUE
1373,|AR| ✪ BEIN SPORT ULTRA ᵁᴴᴰ
1374,|AR| ✪ BEIN SPORT 4K
1375,|AR| ✪ BEIN SPORT HD
1376,|AR| ✪ BEIN SPORT SD
1377,|AR| ✪ TOD BEIN SPORTS
1378,|AR| ✪ BEIN SPORT DELAY
1379,|AR| ✪ BEIN ENTERTAINMENT
1380,|AR| ✪ TOD EVENTS AUTO NAMES
1381,|AR| ✪ BEIN SPORT MAX
1382,|AR| ✪ AL KASS HD
1383,|AR| ✪ TOD BEIN ENTERTAINMENT
1384,|AR| ✪ SERIE A  SPORT
1385,|AR| ✪ STARZPLAY SPORT | EVENT PPV
1386,|AR| ✪ LA LIGA 1001
1387,|AR| ✪ AL RABIAA SPORT
1388,|AR| ✪  SHAHID SPORT PPV
1389,|AR| ✪ THMANYAH SPORT
1390,|AR| ✪  ALWAN SPORT
1391,|AR| ✪  ALWAN ENTERTAINMENT
1392,|AR| ✪ POST SPORT
1393,|AR| ✪ DAZN PPV  MENA
1394,|AR| ✪ SPORTS ARABIC
1395,|AR| ✪ KIDS ENTERTAINMENT | KIDS 24/7
1396,|AR| ✪ OSN PREMIUM
1397,|AR| ✪ NETFLIX
1398,|AR| ✪ ZINA PACKAGE
1399,|AR| ✪ ONC VIP
1400,|AR| ✪ BOX OFFICE 24H/7
1401,|AR| ✪ DOCUMENTARY
1402,|AR| ✪ DREAMOVIES UHD
1403,|AR| ✪ ROYA
1404,|AR| ✪ DRAMA 24/7
1405,|AR| ✪ 24/7 RAMADAN 4K/3840P
1406,|AR| ✪ SHAHID
1407,|AR| ✪ AL MAJDE
1408,|AR| ✪ GOBX
1409,|AR| ✪ MOROCCO FHD
1410,|AR| ✪ MOROCCO
1411,|AR| ✪ MOROCCO DELAY
1412,|AR| ✪ MOROCCO / SPAIN
1413,|AR| ✪ MOROCCO RADIO
1414,|AR| ✪ ALGERIA
1415,|AR| ✪ ALGERIA DELAY
1416,|AR| ✪ ALGERIA  RADIO
1417,|AR| ✪ TUNISIA
1418,|AR| ✪ TNISIA DELAY
1419,|AR| ✪ ALJAZEERA 360
1420,|AR| ✪ ARABIC NEWS
1421,|AR| ✪ ISLAM TV
1422,|AR| ✪ قـــصـــص القـــــران
1423,|AR| ✪ QURAN
1424,|AR| ✪ MBC | ROTANA
1425,|AR| ✪ MBC DELAY
1426,|AR| ✪ LEBANON
1427,|AR| ✪ LEBANON DELAY
1428,|AR| ✪ قنوات مسيحية
1429,|AR| ✪ EGYPT
1430,|AR| ✪ EGYPT DELAY
1431,|AR| ✪ UAE
1432,|AR| ✪ MAURITANIA
1433,|AR| ✪ LIBYA
1434,|AR| ✪ BAHRAIN
1435,|AR| ✪ JORDAN
1436,|AR| ✪ YEMEN
1437,|AR| ✪ SAUDI ARABIA (KSA)
1438,|AR| ✪ IRAQ
1439,|AR| ✪ IRAQ DELAY
1440,|AR| ✪ SYRIA
1441,|AR| ✪ SYRIA DELAY
1442,|AR| ✪ SUDAN
1443,|AR| ✪ PALESTINE
1444,|AR| ✪ QATAR
1445,|AR| ✪ KUWAIT
1446,|AR| ✪ OMAN
1447,|AR| ✪ SPOTIFY
1448,|AR| ✪ MUSIC
1449,|AR| ✪ RELAX 4K
1450,|AR| ✪ RELAXING
1451,|US| ❄ XMAS SPECIALE
1452,|US| ❄ Hallmark XMAS SPECIALE
1453,|US| ✪ USA 60 FPS
1454,|US| ✪ LOCAL
1455,|US| ✪ ENTERTAINMENT
1456,|US| ✪ NEWS
1457,|US| ✪ LOCAL - ABC
1458,|US| ✪ LOCAL - CBS
1459,|US| ✪ LOCAL - NBC
1460,|US| ✪ LOCAL - FOX
1461,|US| ✪ LOCAL - MISC
1462,|US| ✪ LOCAL - PBS
1463,|US| ✪ SPORTS
1464,|US| ✪ MOVIES CHANNELS
1465,|US| ✪ MUSIC
1466,|US| ✪ KIDS NETWORK
1467,|US| ✪ PLAY KIDZ
1468,|US| ✪ BOX OFFICE 24/7
1469,|US| ✪ BOX OFFICE
1470,|US| ✪ BEST ACTORS ORIGENAL
1471,|US| ✪ HULU ORIGINALS
1472,|US| ✪ AMC+ ON-DEMAND
1473,|US| ✪ APPLE TV+ SERIES
1474,|US| ✪ DISCOVERY+ ON-DEMAND
1475,|US| ✪ PARAMOUNT+ ORIGENAL
1476,|US| ✪ STARZPLAY ON-DEMAND
1477,|US| ✪ HBOX MAX ORIGENAL
1478,|US| ✪ PRIME VIDEO SERIES
1479,|US| ✪ DISNEY+ ORIGENALS
1480,|US| ✪ NETFLIX PREMIERE ORIGENALS
1481,|US| ✪ NETFLIX SERIES ORIGENALS
1482,|US| ✪ REALITY SHOW ORIGENAL
1483,|US| ✪ METV
1484,|US| ✪ PLUTO TV
1485,|US| ✪ EVENT 3840P
1486,|US| ✪ BEIN SPORTS
1487,|US| ✪ FANDUEL SPORTS
1488,|US| ✪ BALLY SPORTS
1489,|US| ✪ TENNIS PLUS
1490,|US| ✪ SUPER LEAGUE +
1491,|US| ✪ AMAZON PRIME
1492,|US| ✪ MAX SPORT
1493,|US| ✪ CLUBBER
1494,|US| ✪ EPC RUGBY
1495,|US| ✪ PREMIERSHIP RUGBY
1496,|US| ✪ ESPN+ DAILY UPDATED
1497,|US| ✪ FLO SPORTS
1498,|US| ✪ NBA
1499,|US| ✪ WNBA
1500,|US| ✪ NBA REPLAY
1501,|US| ✪ NBA NAMED TEAMS
1502,|US| ✪ NBA TEAM
1503,|US| ✪ NFL TEAMS
1504,|US| ✪ NFL
1505,|US| ✪ NFL REPLAY
1506,|US| ✪ NHL
1507,|US| ✪ NHL REPLAY
1508,|US| ✪ NHL TEAM
1509,|US| ✪ MILB
1510,|US| ✪ MLB TEAMS
1511,|US| ✪ MLB
1512,|US| ✪ MLS PPV
1513,|US| ✪ NCAAF
1514,|US| ✪ NCAAB
1515,|US| ✪ PAY PER VIEW
1516,|US| ✪ DAZN EVENT
1517,|US| ✪ DAZN
1518,|US| ✪ PEACOCK
1519,|US| ✪ BTN+
1520,|US| ✪ UFC
1521,|US| ✪ BOXING
1522,|US| ✪ TRILLER TV
1523,|US| ✪ WWE
1524,|US| ✪ PREMIERE SPORT
1525,|US| ✪ FLO FLSP
1526,|US| ✪ FLO RUSH
1527,|US| ✪ PARAMOUNT+ US
1528,|US| ✪ PARAMOUNT+ EVENT
1529,|US| ✪ UEFA Europa League
1530,|US| ✪ P+ EPL
1531,|US| ✪ EXTRA EVENTS
1532,|US| ✪ NOW HK
1533,|US| ✪ DIRTVISION
1534,|US| ✪ F1
1535,|US| ✪ LATINO NETWORK
1536,|US| ✪ VICTORY+ PPV
1537,|US| ✪ FLOSPORTS TV
1538,|US| ✪ AFL TV
1539,|US| ✪ SAUDI PRO LEAGUE
1540,|US| ✪ SERIE A
1541,|US| ✪ LIGUE PLUS
1542,|US| ✪ NETFLIX EVENT
1543,|US| ✪ WORLD FOOTBALL EVENTS
1544,|US| ✪ SEC NETWORK+
1545,|US| ✪ VIX+ NETWORK PPV
1546,|US| ✪ DOCUMENTARY
1547,|CA| ✪ ENGLISH CH
1548,|CA| ✪ LOCALS CH
1549,|CA| ✪ CANADA SD
1550,|CA| ✪ SPORT
1551,|CA|  ✪ DAZN PPV
1552,|CA| ✪ OHL PPV
1553,|CA| ✪ QMJH PPV
1554,|CA| ✪ WHL PPV
1555,|CA| ✪ SPORTSNET PPV
1556,|CA| ✪ SUPER SPORTS
1557,|CA|  ✪ CFL PPV
1558,|CA| ✪ CBC PPV
1559,|CA| ✪ HOCKY PPV
1560,|CA|  ✪ AHL PPV
1561,|CA| ✪ AHL NAMED TEAMS
1562,|CA| ✪ AMAZON PRIME PPV
1563,|CA| ✪ FUBO SPORT
1564,|CA| ✪ QUEBEC
1565,|CA| ✪ QUEBEC SPORT
1566,|CA| ✪ AMAZON PRIME LIVE TV
1567,|CA| ✪ QUEBEC ENTERTAINMENT
1568,|CA| ✪ QUEBEC DOC
1569,|CA| ✪ QUEBEC CINEMA
1570,|CA| ✪ QUEBEC KIDS
1571,|CA| ✪ QUEBEC MUSIC
1572,|CA| ✪ SN+ EVENT
1573,|CA| ✪ TSN+ EVENT
1574,|CA| ✪ LIGA SERIES A  PPV
1575,|CA| ✪ BUNDESLIGA PPV
1576,|CA| ✪ PREMIER LEAGUE PPV
1577,|CA| ✪ DAZN EVENT PPV
1578,|CA| ✪ NFL PPV
1579,|CA| ✪ UEFA CHAMPIONS LEAGUE
1580,|CA| ✪ UEFA NATIOS LEAGUE
1581,|US| ✪ HAITI | DOMINICAN
1582,|SE| ✪ SWEDEN
1583,|SE| ✪ CINEMA
1584,|SE| ✪ TV4 BOX OFFICE
1585,|SE| ✪ BOX OFFICE
1586,|SE| ✪ SPORTS
1587,|SE|  ✪ SPORT EXPRESSEN PPV
1588,|SE| ✪ SPORT BLADET
1589,|SE| ✪ ENTERTAINMENT
1590,|SE| ✪ KIDS
1591,|SE| ✪ DOCUMENTARY
1592,|SE| ✪ PLUTO TV
1593,|SE| ✪ HOCKEYETTAN  PPV
1594,|SE|  ✪ MFFPLAY PPV
1595,|SE| ✪ MAX RAW  EVENT
1596,|SE| ✪ MAX PPV
1597,|SE| ✪ TV4 RAW PPV
1598,|SE|  ✪ DISNY+ PPV
1599,|SE|  ✪ TV4 PLAY PPV
1600,|SE| ✪ TELIAPLAY PPV
1601,|SE|  ✪ INNEBANDY PPV
1602,|SE|  ✪ ETTAN PLAY PPV
1603,|SE|  ✪ HANDBOLLSLIGAN PPV
1604,|SE|  ✪ FANSEAT PPV
1605,|SE|  ✪ VIAPLAY EVENT
1606,|SE| ✪ VIAPLAY FOTBALL PPV
1607,|SE|  ✪ AFTONBLADET PPV
1608,|SE| ✪ AMAZON PRIME PPV
1609,|SE| ✪ DAZN PPV
1610,|DK| ✪ DENMARK
1611,|DK| ✪ ENTERTAINMENT
1612,|DK| ✪ DOCUMENTARY
1613,|DK| ✪ KIDS
1614,|DK| ✪ CINEMA
1615,|DK| ✪ SPORT
1616,|DK| ✪ PLUTO TV
1617,|DK| ✪ TV2 PLAY SPORTS
1618,|DK| ✪ MUSIC
1619,|DK| ✪ VIAPLAY EVENT
1620,|DK| ✪ VIAPLAY PPV
1621,|DK| ✪ BOX OFFICE 24/7
1622,|DK| ✪  MAX PPV
1623,|NO| ✪ NORWAY
1624,|NO| ✪ KIDS
1625,|NO| ✪ SPORTS
1626,|NO| ✪ DOCUMENTARY
1627,|NO| ✪ ENTERTAINMENT
1628,|NO| ✪ CINEMA
1629,|NO| ✪ PLUTO TV
1630,|NO| ✪ TV2 MOVIES
1631,|NO| ✪ BOX OFFICE
1632,|NO| ✪ MUSIC
1633,|NO| ✪ DIREKTESPORT PPV
1634,|NO| ✪ VG+ PPV
1635,|NO| ✪ VIAPLAY PPV
1636,|NO| ✪  VIAPLAY FOTBALL PPV
1637,|NO| ✪ TV2 PLAY PPV
1638,|NO| ✪ TV2 VM-KVALIFISERING UEFA PPV
1639,|NO| ✪ TV2 UEFA CHAMPION LEAGUE PPV
1640,|NO| ✪ TV2 ELITESERIEN PPV
1641,|NO| ✪ TV2 LALIGA PPV
1642,|NO| ✪ TV2 LOBOS LIGAEN PPV
1643,|NO| ✪ TV2 TOPPSERIEN PPV
1644,|NO| ✪ MAX PPV
1645,|FI| ✪ FINLAND
1646,|FI| ✪ ENTERTAINMENT
1647,|FI| ✪ DOCUMENTARY
1648,|FI| ✪ CINEMA
1649,|FI| ✪ KIDS
1650,|FI| ✪ PLUTO TV
1651,|FI| ✪ SPORTS
1652,|FI| ✪ MTV LIIGA PPV
1653,|FI| ✪ MTV Katsomo PPV
1654,|FI| ✪ VIAPLAY PPV
1655,|FI| ✪ RUUTU PPV
1656,|FI| ✪ TELIAPLAY PPV
1657,|IC| ✪ ICELAND
1658,|IC| ✪ ICELAND LIVEY PPV
1659,|IC| ✪ SPORTS
1660,|IC| ✪ VIAPLAY PPV
1661,|AF| ✪ C+  AF TNT
1662,|AF| ✪ C+  AF CINEMA
1663,|AF| ✪ C+  AF SPORTS
1664,|AF| ✪ C+  AF DOCUMENTAIRE
1665,|AF| ✪ C+  AF ENFANT
1666,|AF| ✪ C+  AF MUSIC
1667,|AF| ✪ DSTV ENTERTAINMENT
1668,|AF| ✪ DSTV KIDS
1669,|AF| ✪ DSTV CINEMA
1670,|AF| ✪ DSTV AFRICA
1671,|AF| ✪ DSTV SPORTS
1672,|AF| ✪ DSTV SHOWMAX
1673,|AF| ✪ DSTV DOCUMENTARY
1674,|AF| ✪ DSTV MUSIC
1675,|AF| ✪ GHANA
1676,|AF| ✪ GUINEE
1677,|AF| ✪ DSTV ZIMBABWE
1678,|AF| ✪ DSTV  NIGERIA
1679,|AF| ✪ GABON
1680,|AF| ✪ SENEGAL
1681,|AF| ✪ AFRICA HD
1682,|AF| ✪ KENYA
1683,|AF| ✪ ANGOLA
1684,|AF| ✪ CAMEROON
1685,|AF| ✪ MALI
1686,|AF| ✪ UGANDA
1687,|AF| ✪ ETHIOPIA
1688,|AF| ✪ CONGO
1689,|AF| ✪ BURKINA FASO
1690,|AF| ✪ COTE DIVOIRE
1691,|AF| ✪ AFRICA MUSIC
1692,|AF| ✪ LUTTE TV PPV
1693,|AF| ✪ SENEGAL RADIO
1694,|AF| ✪ TANZANIA
1695,|AF| ✪ SOMALIA
1696,|EU| ✪ SPORTS MIX
1697,|ES| ✪ SPAINS 4K
1698,|ES| ✪ SPAIN ULTRA ᵁᴴᴰ
1699,|ES| ✪ TDT/AUTONOMICOS
1700,|ES| ✪ ENTERTENIMIENTO
1701,|ES| ✪ DOCUMENTALES
1702,|ES| ✪ MUSIC
1703,|ES| ✪ AUTONOMICOS
1704,|ES| ✪ BBC
1705,|ES| ✪ NIÑOS
1706,|ES| ✪ CINEMA
1707,|ES| ✪ TIVIFY GOLD
1708,|ES| ✪ PLUTO TV
1709,|ES| ✪ BOX OFFICE
1710,|ES| ✪ UEFA CHAMPIONS LEAGUE
1711,|ES| ✪ FOX SPORTS
1712,|ES| ✪ GOL MUNDIAL SOLO EVENTOS
1713,|ES| ✪ COPA DEL REY
1714,|ES| ✪ DAZN ACB
1715,|ES| ✪ BEIN SPORT
1716,|ES| ✪ LALIGA
1717,|ES| ✪ LALIGA ORANGE
1718,|ES| ✪ LALIGA HYPERMOTION
1719,|ES| ✪ M LCAMPEON
1720,|ES| ✪ M LCAMPEON Orange
1721,|ES| ✪ NBA
1722,|ES| ✪ AMAZON PRIME PPV
1723,|ES| ✪ LALIGA+ PPV
1724,|ES| ✪ BUNDESLIGA  PPV
1725,|ES| ✪ DAZN SERIE A
1726,|ES| ✪ EUROSPORT
1727,|ES| ✪ ROLAND-GARROS
1728,|ES| ✪ MOTO GP
1729,|ES| ✪ DEPORTES
1730,|ES| ✪ FORMULA 1
1731,|ES| ✪ LALIGA PPV
1732,|ES| ✪ PREMIER LEAGUE PPV
1733,|ES| ✪ DAZN ACTUALIZACIÓN DIARIA
1734,|ES| ✪ DAZN FEME SOLO EVENTOS
1735,|ES| ✪ RFEF SOLO EVENTOS
1736,|ES| ✪ 2RFEF SOLO EVENTOS
1737,|ES| ✪ VIX|TUDN
1738,|ES| ✪ DAZN EVENT
1739,|ES| ✪ MAX PPV
1740,|DE| ✪ ALLGEMEIN
1741,|DE| ✪ REGIONAL
1742,|DE| ✪ ENTERTAINMENT
1743,|DE| ✪ NEWS| DOKU
1744,|DE| ✪ SKY CINEMA
1745,|DE| ✪ MUSIC HD
1746,|DE| ✪ KINDER
1747,|AUS| ✪ AUSTRIA
1748,|DE| ✪ SKY SPORT
1749,|DE| ✪ SPORT BUNDESLIGA
1750,|DE| ✪ SKY SPORT EVENT
1751,|DE| ✪ BOX OFFICE
1752,|DE| ✪ SPORT
1753,|AUS| ✪ AUSTRIA SPORT
1754,|DE| ✪ DAZN SPORT 24/7
1755,|DE| ✪ EUROSPORT
1757,|DE|  ✪ MYSPORTS PPV
1758,|DE|  ✪ RTL+ SPORT
1759,|DE| ✪ RTL+ EVENT
1760,|DE| ✪ FIFA WM
1761,|DE| ✪ BUNDESLIGA  PPV
1762,|DE| ✪ AMAZON PRIME
1763,|DE| ✪ DYN PPV
1764,|DE| ✪ UEFA EURO 2024
1765,|DE| ✪ UEFA NATIOS LEAGUE
1766,|DE| ✪ DAZN SERIE A TIM
1767,|DE| ✪ LALIGA PPV
1768,|DE| ✪ UEFA CHAMPIONS LEAGUE
1769,|DE| ✪ SPORT TOTAL EVENT
1770,|DE| ✪ SPORT DEUTSCHLAND PPV
1771,|DE| ✪ DAZN EVENT
1772,|DE| ✪ PLUTO TV
1773,|DE| ✪ MAGENTA TV
1774,|DE| ✪ MYTEAM SPORTS
1775,|AUS| ✪ BLUE SPORT EVENT
1776,|SW| ✪ BLUE SPORT
1777,|AUS| ✪ DAZN PPV
1778,|DE| ✪ SKY SPORTS+ PPV
1779,|DE| ✪ SPORT DEUTSCHLAND B
1780,|SW| ✪ SWITZERLAND
1781,|SW| ✪ DAZN SWITZERLAND PPV
1782,|PT| ✪ ULTRA ᵁᴴᴰ
1783,|PT| ✪ EMGERAL
1784,|PT| ✪ DOCUMENTARIO
1785,|PT| ✪ CINEMA
1786,|PT| ✪ ESPORTES
1787,|PT| ✪ MUSIC
1788,|PT| ✪ CRIANCAS
1789,|PT| ✪ NETFLIX
1790,|PT| ✪ BOX OFFICE
1791,|PT| ✪ DAZN PPV
1792,|IT| ✪ ULTRA ᵁᴴᴰ
1793,|IT| ✪ GENERALE
1794,|IT| ✪ DOCUMENTARIO
1795,|IT| ✪ MUSIC
1796,|IT| ✪  REGIONALI
1797,|IT| ✪ CINEMA
1798,|IT| ✪ PRIMAFILA
1799,|IT| ✪ NETFLIX
1800,|IT| ✪ NOW CINEMA
1801,|IT| ✪ MIGLIORI ATTORI
1802,|IT| ✪ AMAZON PRIME PPV
1803,|IT| ✪ PRIME VIDEO
1804,|IT| ✪ SPORT
1805,|IT| ✪ DAZN SPORT
1806,|IT| ✪ SKY CALCIO
1807,|IT| ✪ MYSPORTS
1808,|IT| ✪ NOW SPORT
1809,|IT| ✪ UEFA CHAMPIONS LEAGUE PPV
1810,|IT| ✪ ROLAND GARROS
1811,|IT| ✪ UEFA EUROPE LEAGUE PPV
1812,|IT| ✪ ATP TENNIS PASS
1813,|IT| ✪ LNPPASS PPV
1814,|IT| ✪ DAZN LALIGA
1815,|IT| ✪ UEFA EUROPE CONFERENCE LEAGUE PPV
1816,|IT| ✪ DAZN SERIE BKT
1817,|IT| ✪ DAZN SERIE A
1818,|IT| ✪ SERIE A UNIPOLSAI PPV
1819,|IT| ✪ SERIE A FEMMINILE EBAY PPV
1820,|IT| ✪ SERIE A ELITE MASCHILE PPV
1821,|IT| ✪ BASKETBALL CHAMPIONS LIAGUE PPV
1822,|IT| ✪ TURKISH AIRLINES EURO LEAGUE PPV
1823,|IT| ✪ DAZN LIGA F
1824,|IT| ✪ ELEVEN SPORT
1825,|IT| ✪ SPORTS EVENT
1826,|IT|✪  DAZN EVENT
1827,|IT| ✪ BAMBINI
1828,|IT|✪  NOW DOCUMENTARIO
1829,|IT| ✪ PLUTO TV
1830,|IT| ✪ LEGA BASKET FEMMINILE PPV
1831,|IT| ✪ SKY SPORTS + PPV
1832,|IT| ✪ BOX OFFICE
1833,|UK| ✪ UK ULTRA ᵁᴴᴰ
1834,|UK| ✪ NEWS
1835,|UK| ✪ BBC GENERAL
1836,|UK| ✪ TIMESHIFT OR +1
1837,|UK| ✪ CINEMA
1838,|UK| ✪ NOW CINEMA
1839,|UK|  ✪ PLUTO TV
1840,|UK| ✪ BOX OFFICE 24/7
1841,|UK| ✪ MUSIC
1842,|UK| ✪ SPORTS
1843,|UK| ✪ SPORTS REPLAY
1844,|UK| ✪ ENTERTAINMENT
1845,|UK| ✪ DISCOVERY+
1846,|UK| ✪  DOCUMENTARY
1847,|UK| ✪ KIDS
1848,|UK| ✪ ASIA EU
1849,|UK| ✪ UK SD
1850,|UK|✪  NOW SPORTS
1851,|UK| ✪ HUB SPORTS
1852,|UK| ✪ CRICKET LIVE
1853,|UK| ✪ DAZN LIGUE 1
1854,|UK| ✪ LEAGUE ONE
1855,|UK| ✪ LEAGUE TWO
1856,|UK| ✪ EFL CHAMPION SHIP PPV
1857,|UK| ✪ NATIONAL LEAGUE
1858,|UK| ✪ ENTERPRISE NATIONAL LEAGUE
1859,|UK| ✪ LEAGUES SERIE A
1860,|UK| ✪ LA LIGA SPORT
1861,|UK| ✪ EPL PREMIER LEAGUE
1862,|UK| ✪ LIVE EVENT
1863,|UK| ✪ SUPER LEAGUE + EVENT
1864,|UK| ✪ EFL CHAMPION SHIP REPLAY
1865,|UK| ✪ TNT SPORTS
1866,|UK| ✪ SKY SPORT + PPV
1867,|UK| ✪ TNT SPORTS EVENT
1868,|UK| ✪ FIGHT NIGHT
1869,|UK| ✪ DAZN EVENT
1870,|UK| ✪ BUNDESLIGA PPV
1871,|UK| ✪ PREMIER LEAGUE PPV
1872,|UK| ✪ LIGA SERIES A PPV
1873,|UK| ✪ UEFA CHAMPIONS LEAGUE
1874,|UK| ✪ DAZN PPV
1875,|UK| ✪ AMAZON PRIME PPV
1876,|UK| ✪ FOOTBBALL FRIENDLIES
1877,|UK| ✪ PDC BOARD
1878,|UK| ✪ PPV UFC
1879,|UK| ✪ NRL TV PPV
1880,|UK| ✪ DISCOVERY PPV
1881,|UK| ✪ ECB SPORTS
1882,|UK| ✪ VIDIO EPL PPV
1883,|UK| ✪ SCOTTISH FOOTBALL
1884,|UK| ✪ IRELAND
1885,|UK| ✪ IRELAND SPORT EVENT
1886,|UK| ✪ TC+
1887,|UK| ✪ HUB PREMIER NETWORK
1888,|UK| ✪ BARCLAYS WOMENS SUPER LEAGUE
1889,|UK| ✪ OXING EVENT
1890,|NZ| ✪ NEW ZEALAND
1891,|NZ| ✪ DAZN NEW ZEALAND
1892,|UK| ✪ BEIN SPORT
1893,|UK| beIN SPORTS ASIA EVENTS
1894,|UK| ✪ DISCOVERY+ PPV
1895,EN| ✪ STAN EVENTS
1896,|UK| ✪ MONOMAX PPV
1897,|NL| ✪ ULTRA ᵁᴴᴰ
1898,|NL| ✪ VIAPLAY FORMULE 1
1899,|NL| ✪ VIAPLAY DARTS PDC
1900,|NL| ✪ VIAPLAY NL PPV
1901,|NL| ✪ VIAPLAY VOETBAL PPV
1902,|NL| ✪ MAX PPV
1903,|NL| ✪ ESPN PLAY
1904,|NL| ✪ REGIONAL
1905,|NL| ✪ ENTERTAINMENT
1906,|NL| ✪ CINEMA
1907,|NL| ✪ DOCUMENTARY
1908,|NL| ✪ KIDS
1909,|NL| ✪ SPORTS
1910,|NL| ✪ GLORY PPV & VIDEOLAND EVENT & BOXING &
1911,|NL| ✪ MUSIC
1912,|NL| ✪ NETFLIX
1913,|NL| ✪ BOX OFFICE
1914,|NL| ✪ MAX SPORT
1915,|NL| ✪ VIDEOLAND
1916,|NL| ✪ DAZN EVENT
1917,|PL| ✪ SPORTOWE
1918,|PL| ✪ OGÔLNE
1919,|PL| ✪ ENTERTAINMENT
1920,|PL| ✪ FILMOWE
1921,|PL| ✪ KULTURA
1922,|PL| ✪ KIDS
1923,|PL| ✪ MUSIC
1924,|PL| ✪ POLSAT EXTRA
1925,|PL| ✪ MAX SPORT
1926,|PL| ✪ CANAL+ XTRA SPORT
1927,|PL|  ✪ CANAL+ LIVE
1928,|MA|  ✪ MALTA
1929,|TR| ✪ SPORT
1930,|TR| ✪ ULUSAL
1931,|TR| ✪ ULUSAL HD
1932,|TR| ✪ ULUSAL FHD
1933,|TR| ✪ SINEMA
1934,|TR| ✪ BOX OFFICE
1935,|TR| ✪ BELGESEL
1936,|TR| ✪ COCUK
1937,|TR| ✪ EXTRA
1938,|TR| ✪ BIEN SPORTS
1939,|TR| ✪  EXXEN SPORTS
1940,|TR| ✪ TABII SPORTS
1941,|TR| ✪ YEREL
1942,|TR| ✪ HABER
1943,|TR| ✪ DIN
1944,|TR| ✪ RADIO
1945,|TR| ✪ MUZIK
1946,|RO| ✪ ROMANIA
1947,|RO| ✪ DOCUMENTAR
1948,|RO| ✪ MUZICĂ
1949,|RO| ✪ DIVERTISMENT
1950,|RO| ✪ CINEMA
1951,|RO| ✪ COPII
1952,|RO| ✪ SPORTS
1953,|HU| ✪ HUNGARY
1954,|GR| ✪ ΕΛΛΑΔΑ
1955,|GR|  ✪ ΨΥΧΑΓΩΓΙΑ
1956,|GR|  ✪ ΠΑΙΔΙΚΑ
1957,|GR| ✪ ΚΙΝΗΜΑΤΟΓΡΑΦΟΣ
1958,|GR| ✪ ΨΥΧΑΓΩΓΙΑ
1959,|GR| ✪ NOVA SPORT
1960,|GR| ✪ ΑΘΛΗΤΙΚΑ
1961,|GR| ✪ COSMOTE SPORT
1962,|GR| ✪ CYTAVISION SPORTS
1963,|GR| ✪ ΜΟΥΣΙΚΗ
1964,|GR| ✪ NOVA  PREMIERE
1965,|GR| ✪ BOX OFFICE
1966,|CY| ✪ CYPRUS
1967,|CZ| ✪ SPORT
1968,|CZ| ✪ CZECH
1969,|CZ| ✪  CANAL+ SPORT
1970,|AM| ✪ ARMENIA
1971,|AZ| ✪ AZERBAIJAN
1972,|ISL|  ✪ SPORT
1973,|ISL|  ✪ SCREEN TV
1974,|ISL|  ✪ PARTNER TV
1975,|ISL|  ✪ CELLCOM TV
1976,|ISL|  ✪ FREE TV
1977,|ISL|  ✪ ENTERTEMNTS
1978,|ISL| CINEMA
1979,|ISL| ✪ DOCUMENTARY
1980,|ISL| ✪ KIDS
1981,|RU|  ✪ RUSSIAN
1982,|RU|  ✪ BELARUS
1983,|BG|  ✪ BULGARIA
1984,|BG|  ✪ RAZVLECHENIYA
1985,|BG|  ✪ KINO
1986,|BG|  ✪ DETSA
1987,|BG|  ✪ SPORTS
1988,|BG|  ✪ DOKU
1989,|BG|  ✪ MUZIKA
1990,|UKR|  ✪ UKRAINE
1991,|LV| ✪ LATVIA
1992,|EST| ✪  ESTONIA
1993,|SLO| ✪ SLOVAKIA & Czechia
1994,|LT| ✪ LITHUANIA
1995,|EX|  ✪ GEORGIA
1996,|AL|  ✪ KOSOVO
1997,|AL|  ✪ FEMIJE
1998,|AL|  ✪  MUSIC
1999,|AL|  ✪ SPORTI
2000,|AL|  ✪ ARGETIM
2001,|AL|  ✪ DOKUMENTAR
2002,|AL|  ✪ KINEMA
2003,|AL|  ✪ BOX OFFICE
2004,|AL|  ✪ FETARE
2005,|LAT|  ✪ ECUADOR
2006,|LAT|  ✪ EC DAZN PPV
2007,|LAT| ✪ MEXICO
2008,|LAT| ✪ MAX PPV
2009,|LAT|  ✪ CUBA
2010,|LAT|  ✪ EL SALVADOR
2011,|LAT|  ✪ PARAGUAY
2012,|LAT|  ✪ PERU
2013,|LAT|  ✪ VENEZUELA
2014,|LAT|  ✪ URUGUAY
2015,|LAT|  ✪ ARGENTINA
2016,|LAT|  ✪ ARGENTINA LIGA PROFESIONAL FOT
2017,|LAT|  ✪ CHILE
2018,|LAT| ✪ BRAZIL
2019,|LAT|  ✪ BR SPORTS
2020,|LAT|  ✪ BR CINEMA
2021,|LAT|  ✪ BR DOCUMENTÁRIA
2022,|LAT|  ✪ BR CRIANÇAS
2023,|LAT|  ✪ BR DAZN PPV
2024,|LAT|  ✪ BRAZIL CAMPEONATO BRASILEIRAO
2025,|LAT|  ✪ BR  AMAZON PRIME PPV
2026,|LAT|  ✪ CARRIBEAN
2027,|LAT|  ✪ PANAMA
2028,|LAT|  ✪ COLOMBIA
2029,|LAT|  ✪ HONDURAS
2030,|LAT|  ✪ COSTA RICA
2031,|LAT|  ✪ GUATEMALA
2032,|LAT|  ✪ TELEMUNDO UNIVIDION
2033,|LAT|  ✪ PUERTO RICO
2034,|LAT|  ✪ GENERAL
2035,|EX|  ✪ BOSNA HERSEK
2036,|EX|  ✪ MUSIC
2037,|EX|  ✪ HRVASTSKA
2038,|EX|  ✪ SERBIJA/CRNA GORA
2039,|EX|  ✪ DJECIJA
2040,|EX|  ✪ FILMOVI
2041,|EX| ✪  DOKUMENTARCI
2042,|EX| ✪  SPORTS
2043,|EX|  ✪ BOX OFFICE
2044,|EX|  ✪ EX-YU ENTERTEMNTS
2045,|EX|  ✪ MONTENEGRO
2046,|EX|  ✪ CROATIA
2047,|EX|  ✪ MACEDONIA
2048,|EX|  ✪ SERBIA
2049,|ME| ✪ MAGENTATV CRNOGORSKI
2050,|EX|  ✪ SLOVENIA
2051,|EX|  ✪  SPORT
2052,|IR| ✪ IRAN CH
2053,|KD| ✪ KURDISTAN
2054,|KD| ✪  CINEMA
2055,|KD| ✪ KIDS
2056,|KD| ✪ MUSIC
2057,|KD| ✪ BOX OFFICE
2058,|KD| ✪  SPORT
2059,|AS| ✪ SINGAPOREAN
2060,|SN| ✪ SINGAPOREAN DAZN
2061,|MA| ✪ MALAYSIA
2062,|PH| ✪ PHILIPINE
2063,|TH| ✪ THAILAND
2064,|VT| ✪ VIETNAM
2065,|SR| ✪ SRI LANKA
2066,|AS| ✪ BANGLA
2067,|AS| ✪ BENGALI
2068,|IN| ✪ INDONESIA
2069,|AS| ✪ AFGHANISTAN
2070,|AS| ✪ PAKISTAN
2071,|AS| ✪ INDIA
2072,|AS| ✪ PUNJABI
2073,|AS| ✪ TAMIL
2074,|AS| ✪ SPORTS
2075,|AS| ✪ TELUGU
2076,|AS| ✪ KANNADA
2077,|AS| ✪ UZBERKISTAN
2078,|AS| ✪ KAZAKHSTAN
2079,|AS| ✪ MALAYALAM
2080,|AS| ✪ GUJARAT
2081,|AS| ✪ MARATHI
2082,|KO| ✪ KOREA
2083,|JP| ✪ DAZNT PPV
2084,|JP| ✪ JAPAN
2085,|TW| ✪ TAIWAN
2086,|TW| ✪ DAZN
2087,|CH| ✪ CHINA
2088,|AU| ✪ AUSTRALIA
2089,|AU| ✪ STANEVENT
2090,|AU| ✪ OPTUS
2091,|AU| ✪ ESPN PLAY
2092,|AUS| ✪ PARAMOUNT+ EVENT
2094,Movies
2096,CS| CHRISTMAS ᴿᴬᵂ
2097,ES| RAKUTEN TV ᴿᴬᵂ
2098,|ES| ✪ RAKUTEN TV
2099,NO| VIAPLAY PPV
2101,ES| TELEFÓNICA ᴿᴬᵂ
2102,SE| VIAPLAY PPV ⱽᴵᴾ
2103,NO| TV2 PLAY PPV ⱽᴵᴾ
2104,NL| VIAPLAY PPV ⱽᴵᴾ
2105,SE| PLAY+ PPV ⱽᴵᴾ
2106,SE| TV4 PLAY PPV ⱽᴵᴾ
2107,DK| VIAPLAY PPV ⱽᴵᴾ
2108,NO| VIAPLAY PPV ⱽᴵᴾ
2109,FI| PLAY+ PPV ⱽᴵᴾ
2110,FI| VIAPLAY PPV ⱽᴵᴾ
2111,FI| MTV PPV ⱽᴵᴾ
2112,SE| SVT PLAY PPV
2113,|FR| ✪ RMC SPORT
2114,NL| MAX PPV ⱽᴵᴾ
2115,SE| SWEDEN ⱽᴵᴾ
2116,SE| MAX PPV ⱽᴵᴾ
2117,DK| DENMARK ⱽᴵᴾ
2118,DK| MAX PPV ⱽᴵᴾ
2119,NO| NORWAY ⱽᴵᴾ
2120,NO| MAX PPV ⱽᴵᴾ
2121,FI| FINLAND ⱽᴵᴾ
2122,IS| SIMINN PPV
2124,AR| STC EXCLUSIVE ᴴᴰ
2125,|FR| ✪ MY TF1+
2126,|DE| ✪ NETFLIX
2127,|UK| ✪ ARABIC TV
2128,|NL| ✪  FILMS EN SERIES
2129,|NL| ✪ KIDS ENJOYTV & FIX-TV
2130,|NL| ✪ DOCUMENTAIRE LIVE
2131,FIFA ARAB CUP 2025 كأس العرب
2132,WORLD LIVE SPORTS
2133,CHRISTMAS
2134,4K UHD 3840P
2135,4K RELAX UHD 3840P
2136,4K RELAX 1920P
2327,DENMARK DISNEY+ PPV
2344,URDU | PAKISTAN
2345,URDU | NEWS
2346,URDU | PAKISTAN 24/7
2348,ASIA | BANGLADESH
2733,AR| MOROCCO AM +6H
2735,AR| MBC AM +6H
2737,AR| ART AM +6H
2739,AR| LEBANON AM +6H
2741,AR| SYRIA AM +6H
2743,AR| IRAQ AM +6H
2745,AR| EGYPTE AM +6H
2746,AR| ALGERIE AM +6H
2748,AR| TUNISIA AM +6H
2750,AR| KUWAIT AM +6H
2752,AR| UAE AM +6H
2754,AR| CHRISTIAN AM +6H
3439,FR| FRANCE SPORT VIP ᴿᴬᵂ
3440,Sky Sports
3441,Sky Sports Red Button
3442,Premier League 3pm
3444,TNT Sports
3445,|ES| ✪ NETFLIX
7986,CA| ENGLISH
7987,CA| LOCALS
7988,CA| FOREIGN
7989,CA| STINGRAY
7990,CA| SPORT
7991,CA| DAZN PPV VIP
7992,CA| SPORTSNET
7993,CA| AHL PPV
7994,NA| HOCKEY LEAGUE
7995,CA| KIDS
7996,CA| ROGERS ROGERS SUPER SPORTS
7997,CA| SN+ PPV
7998,CA| FRENCH
7999,US| ENTERTAINMENT
8000,US| NEWS NETWORK
8001,US| CW/MY NETWORK
8002,US| SPECTRUM NETWORK
8003,US| TELEMUNDO NETWORK
8004,US| MOVIES NETWORK
8005,US| CINEMANIA HOLLYWOOD
8006,US| CINEMANIA TV SHOWS
8007,US| DISNEY+ NETWORK
8008,US| HULU NETWORK
8009,US| PARAMOUNT+
8010,US| PEACOCK NETWORK
8011,US| HBO MAX NETWORK
8012,24/7 MOVIES & SERIES
8013,US| NETFLIX ON AIR ᴿᴬᵂ ⁶⁰ᶠᵖˢ
8014,US| PLUTO TV
8015,US| KIDS NETWORK
8016,US| BIBLICAL/RELIGIOUS
8017,US| SPORTS NETWORK
8018,US| PRIME
8019,US| DIREC TV GO ᴴᴰ/ᴿᴬᵂ ⁶⁰ᶠᵖˢ
8020,US| DIREC TV ᶜᶦᵗʸ ᴴᴰ/ᴿᴬᵂ ⁶⁰ᶠᵖˢ
8021,US| TUBI ᴿᴬᵂ
8022,US| SLING ᴹᴱᴺᴬ ᴿᴬᵂ ⁶⁰ᶠᵖˢ
8023,US| NBA PACKAGE
8024,US| NBA NETWORK VIP
8025,US| WNBA PACKAGE
8026,US| NFL PACKAGE
8027,US| NFL NETWORK HULU
8028,US| NHL PACKAGE
8029,US| MLB PACKAGE
8030,US| MILB TV PPV
8031,US| NFHS PPV
8032,US| BALLY NETWORK
8033,US| MLS NETWORK
8034,US| FLO NETWORK
8035,US| B/R MAX SPORTS PPV
8036,US| NCAAF PACKAGE
8037,CA| OHL PPV
8038,US| VIX+ DEPORTES
8039,US| ABC NETWORK
8040,US| CBS NETWORK
8041,US| FOX NETWORK
8042,US| NBC NETWORK
8043,US| PBS NETWORK
8044,US| ESPN PLUS
8045,US| ESPN+ PPV VIP
8046,US| ESPN PLAY
8047,US| FITE TV PPV
8048,US| VICTORY+ PPV
8049,US| PARAMOUNT+ PPV VIP
8050,US| TENNIS CHANNEL PLUS
8051,US| NETFLIX PPV
8052,24/7 DRAMA VIP
8053,24/7 SHOWS VIP
8054,24/7 CLASSIC SHOWS VIP
8055,24/7 REALITY VIP
8056,24/7 CARTOON VIP
8057,24/7 COMEDY VIP
8058,24/7 KIDS/FAMILY VIP
8059,24/7 CRIME VIP
8060,24/7 ACTION & ADVENTURE VIP
8061,24/7 MOVIES/ACTORS VIP
8062,NA| PPV & LIVE EVENTS
8063,UK| GENERAL
8064,UK| GENERAL HEVC
8065,UK| NEWS
8066,UK| MOVIES
8067,UK| ENTERTAINMENT
8068,UK| MOVIES HEVC
8069,UK| DOCUMENTARY
8070,UK| ENTERTAINMENT HEVC
8071,UK| SKYMIX SERIES
8072,UK| SKYMIX DOCS
8073,UK| DOCUMENTARY HEVC
8074,UK| KIDS
8075,UK| KIDS HEVC
8076,UK| MUSIC
8077,UK| APPLE TV+ SERIES
8078,UK| NETFLIX ORIGINAL
8079,UK| PRIME VIDEO SERIES
8080,UK| REALITY SHOW TV
8081,UK| 24/7 MOVIES & SERIES
8082,UK| SPORTS
8083,UK| SPORTS HEVC
8084,UK| WORLD SPORTS
8085,UK| FORMULA 1 + MOTOGP
8086,UK| BBCI
8087,UK| BBCIPLAYER SERIES
8088,UK| NOW TV
8089,UK| UFC/BOXING PPV
8090,UK| CUP GAMES & INTERNATIONAL
8091,UK| EPL PREMIER LEAGUE
8092,UK| MONOMAX PPV
8093,UK| CHAMPIONSHIP
8094,UK| LEAGUE ONE
8095,UK| LEAGUE TWO
8096,UK| FA PLAYER
8097,UK| SUPER LEAGUE+ PPV
8098,UK| NATIONAL LEAGUE
8099,UK| SCOTTISH FOOTBALL
8100,UK| OTHER SPORTS
8101,UK| EUROSPORT XTRA
8102,UK| VIAPLAY PPV
8103,UK| DISCOVERY +
8104,UK| AMAZON PRIME +
8105,UK| DISCOVERY + PPV
8106,UK| RALLY TV PPV
8107,UK| MOLA PPV
8108,UK| SKY STORE
8109,UK| SKY SPORTS RED BUTTON
8110,UK| GAA GO PPV
8111,UK| ULSTER GAA PPV
8112,UK| RUGBY PPV
8113,UK| ULTIMATE POOL PPV
8114,UK| MATCHROOM PPV
8115,UK| TT RACE PPV
8116,UK| PAY PER VIEW PPV
8117,UK| SOCCER REPLAY
8118,HR| HORSE RACING
8119,UK| TNT SPORTS EVENT
8120,UK| SKY SPORT+ VIP
8121,UK| EUROSPORTS
8122,UK| UEFA REPLAY
8123,UK| PPV EVENTS
8124,UK| NETFLIX PPV
8125,UK| SUPERCROSS PPV
8126,AU| AUSTRALIA
8127,NZ| NEW ZEALAND
8128,LAT| R. DOMINICANA
8129,LAT| COLOMBIA
8130,BR| GLOBO-RECORD-SBT-NEWS
8131,BR| CULTURA
8132,BR| FILMES-MUSICA-SHOW
8133,BR| CRIANÇAS
8134,BR| DESPORTO
8135,BR| GLOBO PLAY ᴿᴬᵂ
8136,BR| PLAY+ HD
8137,BR| PRIME ᴿᴬᵂ ᵃᵐᶻ ᴳᴼᴸᴰ
8138,BR| BRASIL DAZN PPV
8139,BR| ESPN/DISNEY+ SPORT
8140,LAT| ARGENTINA
8141,LAT| CHILE
8142,LAT| COSTA RICA
8143,LAT| ECUADOR DAZN PPV
8144,LAT| ECUADOR
8145,LAT| GUATEMALA
8146,LAT| HONDURAS
8147,LAT| GENERAL
8148,LAT| PELICULA
8149,LAT| PUERTO RICO
8150,LAT| EL SALVADOR
8151,LAT| MEXICO
8152,LAT| VIX ᴿᴬᵂ
8153,LAT| NICARAGUA
8154,LAT| PANAMA
8155,LAT| PERU
8156,LAT| URUGUAY
8157,LAT| VENEZUELA
8158,ES| TDT SERIES
8159,ES| M+ CINE
8160,ES| MOVISTAR PLUS+
8161,ES| LOCALES
8162,ES| SPAIN VIP ᴿᴬᵂ
8163,ES| RAKUTEN TV ᴿᴬᵂ
8164,ES| 24/7 ESPAÑA
8165,ES| DOCUMENTALES
8166,ES| MOVISTAR+ SERIES
8167,ES| MOVISTAR+ ESTRENOS
8168,ES| NETFLIX ORIGINALS
8169,ES| INFANTIL
8170,ES| TIVIFY
8171,ES| M+ VAMOS
8172,ES| TOROS
8173,ES| OTROS DEPORTES
8174,ES| M+ LALIGA
8175,ES| MOVISTAR DEPORTES
8176,ES| DAZN ACB PPV
8177,ES| DAZN EXCLUSIVE ᴴᴰ/ᴿᴬᵂ
8178,ES| DAZN ESPAÑA
8179,ES| DAZN LALIGA
8180,ES| MUSICA
8181,ES| M+ LIGA DE CAMPEONES
8182,ES| DAZN PPV
8183,ES| REPETICIÓN DE FÚTBOL
8184,ES| ESTILO DE VIDA
8185,ES| TIVIFY GOLD
8186,PT| FILMES E SÉRIES
8187,PT| 24/7
8188,PT| CULTURA
8189,PT| INTRETENIMENTO
8190,PT| RELIGIAO
8191,PT| INTERNACIONAL
8192,IT| ITALY UHD/4K
8193,IT| ITALY FHD/HEVC
8194,IT| GENERALE
8195,IT| REGIONALI
8196,IT| CINEMA
8197,IT| DOCUMENTARIO
8198,IT| BAMBINI
8199,IT| SPORT
8200,IT| DAZN
8201,IT| AMAZON PRIME
8202,IT| DISCOVERY+
8203,IT| BASKET
8204,FR| FRANCE HD
8205,FR| FRANCE 4K
8206,FR| FRANCE VIP ᴿᴬᵂ
8207,FR| FRANCE FHD
8208,FR| LIGUE 1+ VIP
8209,FR| LIGUE 1+
8210,FR| FRANCE LQ
8211,FR| CANAL PLAY
8212,FR| CINE+ PREMIUM
8213,FR| ENFANTS HD
8214,FR| DOCUMENTAIRE HD
8215,FR| LUXPLAY VIP
8216,FR| SPORTS HD
8217,FR| MYSPORT PPV
8218,FR| CARIBBEAN
8219,FR| CANAL+ LIVE
8220,FR| EUROSPORTS
8221,DE| JOYN ᴿᴬᵂ
8222,DE| GERMANY HEVC
8223,DE| ALLGEMEIN
8224,DE| UNTERHALTUNG
8225,DE| KINDER
8226,DE| FILME UND SERIEN
8227,DE| SKY GO FILME
8228,DE| VODAFONE GO
8229,DE| PREMIUM PLAY
8230,DE| PLUTO
8231,DE| SAMSUNG GERMANY
8232,DE| WOW ENTERTAINMENT ᴴᴰ ᴰᴼᴸᴮʸ ᴬᵁᴰᴵᴼ
8233,DE| WOW SPORT ᴴᴰ ᴰᴼᴸᴮʸ ᴬᵁᴰᴵᴼ
8234,DE| PLEX TV
8235,DE| SKY GO KINO
8236,DE| SPORTS
8237,DE| BUNDESLIGA
8238,DE| DYN NETWORK
8239,DE| SKY GO SPORT
8240,DE| SKY MAX PPV 4K
8241,DE| MAGENTA PPV
8242,DE| MYSPORT PPV
8243,DE| SPORT ᴴᴰ ᵃᵐᶻ ᴳᴼᴸᴰ
8244,DE| SPORT ᴿᴬᵂ ᵃᵐᶻ ᴳᴼᴸᴰ
8245,DE| DAZN EXCLUSIVE ᴴᴰ
8246,DE| DAZN EXCLUSIVE SD
8247,DE| DAZN EXCLUSIVE ᴿᴬᵂ
8248,DE| MYTEAM SPORT
8249,DE| MAGENTA PPV ᴿᴬᵂ ᴳᴼᴸᴰ
8250,NL| NEDERLAND ULTRA 4K
8251,NL| SPORT
8252,NL| ALGEMEEN
8253,NL| BUITENLAND
8254,NL| FILMS
8255,NL| ENTERTAINMENT
8256,NL| DOCUMENTAIRE
8257,NL| KINDEREN
8258,NL| MUZIEK
8259,NL| GLORY PPV
8260,NL| VIAPLAY PPV VIP
8261,NL| HBO MAX PPV
8262,NL| FEYENOORD ONE PPV
8263,NL| ODIDO SPORT ᴴᴰ ᴳᴼᴸᴰ
8264,PL| KANAŁY (NA)
8265,PL| OGÓLNOTEMATYCZNE
8266,PL| KANAŁY TVN PLAYER
8267,PL| INFORMACYJNE
8268,PL| FILMOWE
8269,PL| SPORTOWE
8270,PL| DOKUMENTALNE
8271,PL| MUZYCZNE
8272,PL| DLA DZIECI
8273,PL| REGIONALNE
8274,PL| EUROSPORTS
8275,PL| CANAL+ ONLINE SPORT ᴿᴬᵂ
8276,PL| NA ŚWIĄTECZNIE 24/7
8277,PL| POLAND VIP
8278,AR| BEIN SPORTS HEVC
8279,AR| BEIN SPORTS ᵁᴴᴰ
8280,AR| BEIN SPORTS FHD
8281,AR| BEIN SPORTS HD
8282,AR| BEIN SPORTS SD
8283,AR| BEIN SPORTS AFC 4K
8284,AR| BEIN SPORTS AFC HD
8285,AR| BEIN SPORTS AFC SD
8286,AR| BEIN SPORTS ᵁᴴᴰ 8K
8287,AR| BEIN SPORTS ᵁᴴᴰ 4K
8288,AR| BEIN SPORTS G ᵁᴴᴰ
8289,AR| BEIN ONDEMAND
8290,AR| BEIN ENTERTAINMENT
8291,AR| BEIN SPORTS NX 4K
8292,AR| BEIN SPORTS NX FHD
8293,AR| BEIN SPORTS NX LOW
8294,AR| BEIN SPORTS NX 720
8295,AR| BEIN SPORTS NX 480
8296,AR| TOD PPV
8297,AR| DAZN MENA PPV
8298,BEE| BEIN SPORTS
8299,AR| STARZPLAY / AD SPORTS
8300,AR| THMANYAH
8301,AR| SHAHID PPV
8302,AR| ALKASS
8303,AR| ARABIC 24/7 4K UHD 3840P
8304,AR| NEWS
8305,AR| KIDS
8306,AR| AL-MAJD GROUP
8307,AR| ISLAMIC
8308,AR| CHRISTIAN
8309,AR| MUSIC
8310,AR| LEBANON
8311,AR| PALASTINA
8312,AR| EGYPT
8313,AR| MBC/ROTANA
8314,AR| SYRIA
8315,AR| JORDAN
8316,AR| MOROCCO
8317,AR| ALGERIA
8318,AR| TUNISIA
8319,AR| LIBYA
8320,AR| MAURITANIA
8321,AR| SUDAN
8322,AR| UAE
8323,AR| QATAR
8324,AR| SAUDIA ARABIA
8325,AR| KUWAIT
8326,AR| OMAN
8327,AR| YEMEN
8328,AR| BAHRAIN
8329,AR| IRAQ
8330,AR| ALWAN
8331,AR| SHAHID. VIP
8332,AR| PRIME VIDEO
8333,AR| SHAHID SERIES
8334,AR| SHAHID. CINEMA
8335,AR| OSN
8336,AR| STARZ PLAY
8337,AR| SHOWTIME
8338,AR| BOX OFFICE FHD
8339,AR| NETFLIX
8340,AR| AMAZON PRIME
8341,AR| HBO
8342,AR| HULU
8343,AR| WEYYAK
8344,AR| SHOOF DRAMA
8345,AR| SHOOF COMEDY
8346,AR| MAJESTIC 4K
8347,AR| WATCHBOX 4K
8348,AR| WATCH IT
8349,AR| ROYA
8350,AR| TOD
8351,AR| ACTORS 4K
8352,AR| VIVO
8353,AR| ANGHAMI
8354,AR| CHEF OMAR
8355,AR| WORLD OF COOKING
8356,AR| ONC TV
8357,AR| ITUNES 4K
8358,SWEDEN HD & HEVC
8359,SWEDEN SPORT HD & HEVC
8360,SWEDEN C MORE EVENT
8361,SWEDEN VIAPLAY PPV VIP
8362,SWEDEN DISNEY+ PPV
8363,SWEDEN DAZN PPV
8364,SWEDEN SVTPLAY PPV
8365,SWEDEN MAX PPV
8366,SWEDEN TELIA PLAY PPV
8367,SWEDEN EXPRESSEN PPV
8368,SWEDEN AFTONBLADET PPV
8369,SWEDEN HANDBOLLSLIGAN PPV
8370,SWEDEN SVENSK HOCKEY PPV
8371,SWEDEN SVENSKBIL SPORT TV PPV
8372,SWEDEN ETTAN PLAY PPV
8373,SWEDEN INNEBANDY PLAY PPV
8374,SWEDEN FANSEAT PPV
8375,SWEDEN MFFPLAY PPV
8376,SWEDEN PREMIUM PLAY
8377,SWEDEN PLUTO
8378,SWEDEN TV 4 PLAY PPV
8379,DENMARK HD & HEVC
8380,DENMARK TV2 PLAY ᴿᴬᵂ
8381,DENMARK SPORT HD & HEVC
8382,DENMARK VIAPLAY PPV
8383,DENMARK MAX PPV
8384,DENMARK PREMIUM PLAY
8385,NORWAY HD & HEVC
8386,NORWAY TV2 PLAY ᴿᴬᵂ
8387,NORWAY TV2 PLAY PPV
8388,NORWAY TV2 PLAY
8389,NORWAY SPORT HD & HEVC
8390,NORWAY PREMIUM PLAY
8391,NORWAY DIREKTE SPORT PPV
8392,NORWAY VGTV PPV
8393,NORWAY PLUTO
8394,FINLAND HD & HEVC
8395,FINLAND SPORT HD & HEVC
8396,FINLAND PREMIUM PLAY
8397,FINLAND PLAY+ RAW
8398,FINLAND MTV LIIGA
8399,FINLAND MTV PPV
8400,FINLAND TELIA PLAY PPV
8401,BE| ALGEMEEN
8402,BE| WALLONIË
8403,BE| TELENET
8404,BE| ENTERTAINMENT
8405,BE| DOCUMENTAIRE
8406,BE| KINDEREN
8407,BE| SPORTS
8408,BE| DAZN PPV FR VIP
8409,BE| DAZN PPV VIP
8410,IR| IRELAND
8411,IR| CLUBBER PPV
8412,IR| SETANTA PPV
8413,IR| LOI PPV
8414,IR| NIFL PPV
8415,TR| TURKIYE
8416,TR| AVRUPA & YEREL
8417,TR| HABER KANALLARI
8418,TR| MUZIK KANALLARI
8419,TR| COCUK & DINI
8420,TR| BELGESEL KANALLARI
8421,TR| SINEMA KANALLARI
8422,TR| DIZILER VIP
8423,TR| REDBOX
8424,TR| SPOR KANALLARI
8425,TR| MAC KANALLARI
8426,TR| TABII SPORT
8427,18| FOR ADULTS
8428,CZ| GENERAL
8429,CZ| NOVA
8430,CZ| PRIMA
8431,CZ| ZÁBAVA
8432,CZ| KULTURNÍ
8433,CZ| DĚTI
8434,CZ| HUDBA
8435,CZ| SPORTS
8436,CZ| PRIMA ᴴᴰ
8437,SL| SLOVENIA ⱽᴵᴾ ᴿᴬᵂ
8438,SRB| SERBIA
8439,EXYU| PINK MEDIA
8440,SRB| SERBIA ⱽᴵᴾ ᴿᴬᵂ
8441,EXYU| SPORTSKI KANALI
8442,EXYU| DECIJI KANALI
8443,EXYU| FILMSKI KANALI
8444,CR| CROATIA
8445,CR| CROATIA ⱽᴵᴾ ᴿᴬᵂ
8446,BH| BOSNIA
8447,EXYU| MUZICKI KANALI
8448,EXYU| DOKUMENTARNI
8449,SL| SLOVENIA
8450,MO| MONTENEGRO
8451,MO| MONTENEGRO/CRNA GORA ⱽᴵᴾ ᴿᴬᵂ
8452,MO| MONTENEGRO VIP
8453,EXYU| 24/7
8454,EXYU| BALKAN SKY 24/7
8455,EXYU| SKY KIDS
8456,GR| ΓΕΝΙΚΆ/GENERAL
8457,GR| ΑΘΛΗΤΙΚΆ/SPORTS
8458,GR| ΠΑΙΔΙΚΆ/KIDS
8459,GR| ΝΤΟΚΙΜΑΝΤΈΡ/DOCUMENTARY
8460,GR| ΚΙΝΗΜΑΤΟΓΡΑΦΟΣ/CINEMA
8461,CY| ΓΕΝΙΚΟΣ/GENERAL
8462,CY| ΑΘΛΗΤΙΣΜΟΣ/SPORTS
8463,GR| GREECE 24/7
8464,AL| ALBANIA
8465,AL| ALBANIA SPORTS
8466,AL| ALBANIA SPORT PREMIUM ᴿᴬᵂ
8467,AL| 24/7 ALBANIA
8468,KO| KOSOVO
8469,BG| BULGARIA
8470,HU| HUNGARY
8471,RO| CANALE GENERALE
8472,RO| CANALE DE DIVERTISMENT
8473,RO| CANALE DE CINEMA
8474,RO| CANALE PENTRU COPII
8475,RO| CANALE DE SPORT
8476,RO| CANALE DOCUMENTARE
8477,RO| CANALE MUZICALE
8478,MK| MACEDONIA
8479,LA| LATVIA
8480,EST| ESTONIA
8481,MT| MALTA
8482,RU| RUSSIA
8483,BY| BELARUS
8484,UKR| UKRAINE
8485,IS| HOT BOXES
8486,IS| CELLCOM TV BOXES
8487,IS| PARTNER TV BOXES
8488,IS| SCREEN TV BOXES
8489,IS| FREE TV BOXES
8490,IS| YES BOXES
8491,IS| ISRAEL VIP
8492,IR| IRAN
8493,AFG| AFGHANISTAN
8494,KA| KAZACHSTAN
8495,KU| KURDISTAN
8496,KU| KURDISTAN LOCAL
8497,KU| KURDCINEMA
8498,AZ| AZERBAYCAN
8499,ID| INDONESIA
8500,NP| NEPAL
8501,SG| SINGAPORE
8502,SG| SINGAPORE SPORTS
8503,TAI| TAIWAN
8504,VT| VIETNAM
8505,MY| MALAYSIA
8506,MY| MALAYSIA SPORTS
8507,PH| PHILIPPINES
8508,CH| CHINA / HONGKONG
8509,HK| HONGKONG SPORTS
8510,SK| SOUTH KOREA
8511,JP| JAPAN
8513,ICELAND LIVEY PPV
8514,ICELAND VIAPLAY PPV
8515,AT| AUSTRIA
8516,AT| AUSTRIA VIP
8517,AT| JOYN ᴿᴬᵂ
8518,CH| SWITZERLAND
8519,CH| SFL PPV
8520,CRB| CARIBBEAN
8521,MU| MUSIC CONCERTS
8522,SU| SURINAME
8523,WC| WORLD CRICKET
8524,AFR| DSTV NETWORK
8525,AFR| CANAL+
8526,AFR| GENERAL
8527,AFR| AZAM NETWORK VIP
8528,AFR| SOMALI
8529,AFR| ETHOPIA
8530,HINDI | INDIA
8531,HINDI | NEWS
8532,HINDI | INDIA UK
8533,HINDI | 24/7 MOVIES & SERIES
8534,HINDI | PUNJABI
8535,HINDI | PUNJABI 24/7
8536,HINDI | TELUGU
8537,HINDI | TELUGU 24/7
8538,HINDI | TAMIL
8539,HINDI | TAMIL 24/7
8540,HINDI | MALAYALAM
8541,HINDI | MALAYALAM 24/7
8542,HINDI | KANNADA
8543,HINDI | KANNADA 24/7
8544,HINDI | MARATHI
8545,HINDI | GUJARATI
8546,HINDI | BENGALI
8547,HINDI | BHOJPURI | ODISHA
8548,HINDI | SRILANKA
8549,HINDI | SPORTS
8550,BEE| DAZN PPV
8551,BEE| POST SPORT
8552,BEE| SHASHA SPORT
8553,BEE| AL KASS
8554,BEE| LIGUE 1+ PPV
8555,BEE| FFF TV PPV
8556,BEE| SHAHID SERIA A
8557,BEE| SHAHID BUNDESLIGA
8558,BEE| THMANYAH
8559,BEE| AL FAJER
8560,BEE| GOBOX
8561,BEE| OSN
8562,BEE| STARZPLAY SPORTS
8563,BEE| STAR ON
8564,BEE| STARZPLAY
8565,BEE| RAYA-WATAR
